tanggal,pm10,so2,co,o3,no2,max
2010-01-01,60.0,4.0,73.0,27.0,14.0,73.0
2010-01-02,32.0,2.0,16.0,33.0,9.0,33.0
2010-01-03,27.0,2.0,19.0,20.0,9.0,27.0
2010-01-04,22.0,2.0,16.0,15.0,6.0,22.0
2010-01-05,25.0,2.0,17.0,15.0,8.0,25.0
2010-01-06,30.0,3.0,22.0,19.0,11.0,30.0
2010-01-07,41.0,4.0,24.0,27.0,13.0,41.0
2010-01-08,64.0,8.0,51.0,19.0,15.0,64.0
2010-01-09,55.0,5.0,39.0,23.0,16.0,55.0
2010-01-10,34.0,5.0,23.0,26.0,12.0,34.0
2010-01-11,55.0,10.0,32.0,23.0,16.0,55.0
2010-01-12,45.0,4.0,33.0,9.0,17.0,45.0
2010-01-13,28.0,5.0,29.0,10.0,12.0,29.0
2010-01-14,38.0,6.0,28.0,15.0,10.0,38.0
2010-01-15,35.0,5.0,33.0,17.0,17.0,35.0
2010-01-16,54.0,5.0,38.0,17.0,18.0,54.0
2010-01-17,44.0,4.0,28.0,22.0,14.0,44.0
2010-01-18,38.0,4.0,29.0,24.0,15.0,38.0
2010-01-19,40.0,3.0,43.0,23.0,23.0,43.0
2010-01-20,61.0,5.0,63.0,16.0,17.0,63.0
2010-01-21,36.0,4.0,27.0,23.0,13.0,36.0
2010-01-22,51.0,4.0,45.0,14.0,13.0,51.0
2010-01-23,35.0,3.0,30.0,20.0,14.0,35.0
2010-01-24,56.0,6.0,46.0,30.0,14.0,56.0
2010-01-25,59.0,4.0,38.0,18.0,15.0,59.0
2010-01-26,43.0,5.0,42.0,19.0,24.0,43.0
2010-01-27,54.0,8.0,38.0,40.0,16.0,54.0
2010-01-28,72.0,8.0,55.0,20.0,17.0,72.0
2010-01-29,51.0,8.0,24.0,19.0,11.0,51.0
2010-01-30,47.0,8.0,32.0,19.0,12.0,47.0
2010-01-31,32.0,5.0,25.0,26.0,10.0,32.0
2010-02-01,41.0,7.0,30.0,17.0,13.0,41.0
2010-02-02,50.0,4.0,30.0,23.0,12.0,50.0
2010-02-03,49.0,7.0,33.0,57.0,23.0,57.0
2010-02-04,59.0,9.0,38.0,75.0,26.0,75.0
2010-02-05,63.0,7.0,39.0,41.0,23.0,63.0
2010-02-06,65.0,8.0,59.0,24.0,15.0,65.0
2010-02-07,60.0,10.0,45.0,47.0,17.0,60.0
2010-02-08,46.0,5.0,31.0,42.0,17.0,46.0
2010-02-09,52.0,7.0,30.0,34.0,16.0,52.0
2010-02-10,50.0,8.0,31.0,39.0,14.0,50.0
2010-02-11,47.0,5.0,27.0,26.0,14.0,47.0
2010-02-12,56.0,6.0,33.0,45.0,20.0,56.0
2010-02-13,55.0,6.0,39.0,14.0,14.0,55.0
2010-02-14,55.0,6.0,61.0,16.0,13.0,61.0
2010-02-15,40.0,4.0,30.0,63.0,22.0,63.0
2010-02-16,56.0,4.0,43.0,25.0,20.0,56.0
2010-02-17,52.0,4.0,34.0,30.0,17.0,52.0
2010-02-18,41.0,5.0,26.0,14.0,10.0,41.0
2010-02-19,37.0,4.0,43.0,17.0,17.0,43.0
2010-02-20,52.0,3.0,64.0,18.0,12.0,64.0
2010-02-21,61.0,4.0,53.0,36.0,15.0,61.0
2010-02-22,34.0,4.0,31.0,23.0,16.0,34.0
2010-02-23,57.0,7.0,35.0,42.0,18.0,57.0
2010-02-24,59.0,4.0,44.0,93.0,24.0,93.0
2010-02-25,65.0,6.0,55.0,26.0,26.0,65.0
2010-02-26,68.0,9.0,67.0,67.0,22.0,68.0
2010-02-27,67.0,8.0,47.0,47.0,19.0,67.0
2010-02-28,65.0,6.0,38.0,80.0,23.0,80.0
2010-03-01,60.0,5.0,39.0,44.0,19.0,60.0
2010-03-02,74.0,8.0,56.0,68.0,27.0,74.0
2010-03-03,54.0,12.0,35.0,77.0,25.0,77.0
2010-03-04,59.0,9.0,32.0,62.0,20.0,62.0
2010-03-05,62.0,11.0,35.0,31.0,19.0,62.0
2010-03-06,72.0,10.0,54.0,43.0,23.0,72.0
2010-03-07,59.0,7.0,46.0,57.0,19.0,59.0
2010-03-08,56.0,7.0,37.0,39.0,18.0,56.0
2010-03-09,45.0,5.0,33.0,27.0,15.0,45.0
2010-03-10,44.0,8.0,37.0,41.0,19.0,44.0
2010-03-11,51.0,6.0,37.0,18.0,14.0,51.0
2010-03-12,43.0,6.0,42.0,39.0,20.0,43.0
2010-03-13,74.0,9.0,46.0,64.0,16.0,74.0
2010-03-14,61.0,9.0,27.0,27.0,13.0,61.0
2010-03-15,52.0,8.0,28.0,30.0,15.0,52.0
2010-03-16,40.0,5.0,25.0,45.0,13.0,45.0
2010-03-17,50.0,8.0,30.0,25.0,15.0,50.0
2010-03-18,58.0,10.0,33.0,23.0,15.0,58.0
2010-03-19,63.0,10.0,44.0,36.0,18.0,63.0
2010-03-20,54.0,11.0,29.0,66.0,19.0,66.0
2010-03-21,52.0,7.0,33.0,31.0,16.0,52.0
2010-03-22,37.0,5.0,22.0,15.0,10.0,37.0
2010-03-23,52.0,9.0,44.0,42.0,29.0,52.0
2010-03-25,55.0,9.0,33.0,46.0,20.0,55.0
2010-03-26,48.0,4.0,45.0,57.0,29.0,57.0
2010-03-27,61.0,18.0,41.0,59.0,16.0,61.0
2010-03-28,56.0,4.0,44.0,45.0,13.0,56.0
2010-03-29,50.0,2.0,34.0,27.0,25.0,50.0
2010-04-02,57.0,4.0,31.0,88.0,18.0,88.0
2010-04-07,70.0,14.0,42.0,62.0,25.0,70.0
2010-04-08,65.0,15.0,54.0,102.0,27.0,102.0
2010-04-09,59.0,12.0,46.0,27.0,15.0,59.0
2010-04-10,40.0,10.0,33.0,33.0,12.0,40.0
2010-04-11,45.0,10.0,31.0,21.0,11.0,45.0
2010-04-12,66.0,19.0,39.0,80.0,25.0,80.0
2010-04-13,57.0,17.0,34.0,80.0,24.0,80.0
2010-04-14,70.0,16.0,40.0,59.0,21.0,70.0
2010-04-15,70.0,13.0,57.0,41.0,19.0,70.0
2010-04-16,38.0,11.0,30.0,42.0,13.0,42.0
2010-04-17,38.0,10.0,26.0,28.0,12.0,38.0
2010-04-18,36.0,9.0,22.0,27.0,10.0,36.0
2010-05-02,58.0,16.0,19.0,31.0,13.0,58.0
2010-05-03,60.0,16.0,29.0,73.0,18.0,73.0
2010-05-04,53.0,13.0,27.0,31.0,16.0,53.0
2010-05-05,53.0,16.0,26.0,35.0,15.0,53.0
2010-05-06,53.0,19.0,25.0,21.0,11.0,53.0
2010-05-07,67.0,19.0,33.0,33.0,16.0,67.0
2010-05-08,57.0,16.0,24.0,26.0,9.0,57.0
2010-05-12,61.0,12.0,50.0,32.0,19.0,61.0
2010-05-13,52.0,15.0,40.0,65.0,21.0,65.0
2010-05-14,59.0,12.0,46.0,69.0,26.0,69.0
2010-05-15,52.0,14.0,45.0,92.0,26.0,92.0
2010-05-16,56.0,12.0,29.0,65.0,15.0,65.0
2010-05-17,55.0,15.0,55.0,32.0,16.0,55.0
2010-05-18,57.0,17.0,45.0,50.0,25.0,57.0
2010-05-19,69.0,14.0,39.0,79.0,18.0,79.0
2010-05-20,58.0,14.0,38.0,57.0,21.0,58.0
2010-05-21,53.0,14.0,37.0,60.0,18.0,60.0
2010-05-22,63.0,16.0,50.0,54.0,21.0,63.0
2010-05-23,57.0,14.0,28.0,50.0,23.0,57.0
2010-05-24,54.0,15.0,37.0,42.0,21.0,54.0
2010-05-25,56.0,18.0,34.0,43.0,18.0,56.0
2010-05-26,55.0,15.0,41.0,123.0,34.0,123.0
2010-05-27,58.0,17.0,50.0,113.0,29.0,113.0
2010-05-28,68.0,21.0,49.0,24.0,25.0,68.0
2010-05-29,54.0,16.0,30.0,28.0,14.0,54.0
2010-05-30,59.0,14.0,41.0,64.0,16.0,64.0
2010-05-31,56.0,16.0,33.0,25.0,15.0,56.0
2010-06-01,55.0,20.0,35.0,31.0,20.0,55.0
2010-06-02,58.0,14.0,42.0,93.0,26.0,93.0
2010-06-03,72.0,19.0,38.0,55.0,22.0,72.0
2010-06-04,59.0,18.0,36.0,30.0,19.0,59.0
2010-06-05,57.0,15.0,39.0,87.0,21.0,87.0
2010-06-06,59.0,18.0,47.0,42.0,25.0,59.0
2010-06-07,70.0,16.0,39.0,52.0,21.0,70.0
2010-06-08,77.0,19.0,95.0,18.0,30.0,95.0
2010-06-09,54.0,20.0,36.0,45.0,25.0,54.0
2010-06-10,79.0,23.0,46.0,34.0,24.0,79.0
2010-06-11,60.0,21.0,33.0,27.0,14.0,60.0
2010-06-12,64.0,20.0,39.0,23.0,13.0,64.0
2010-06-13,59.0,15.0,64.0,29.0,15.0,64.0
2010-06-14,55.0,22.0,31.0,29.0,14.0,55.0
2010-06-15,57.0,20.0,34.0,31.0,20.0,57.0
2010-06-16,55.0,17.0,71.0,27.0,38.0,71.0
2010-06-17,75.0,21.0,71.0,30.0,29.0,75.0
2010-06-18,74.0,21.0,50.0,74.0,29.0,74.0
2010-06-19,59.0,14.0,37.0,71.0,26.0,71.0
2010-06-20,49.0,15.0,23.0,28.0,9.0,49.0
2010-06-21,51.0,18.0,31.0,28.0,13.0,51.0
2010-06-22,58.0,17.0,36.0,41.0,21.0,58.0
2010-06-23,64.0,17.0,32.0,41.0,23.0,64.0
2010-06-26,56.0,19.0,30.0,44.0,22.0,56.0
2010-06-27,69.0,18.0,46.0,55.0,25.0,69.0
2010-06-28,60.0,15.0,40.0,36.0,19.0,60.0
2010-06-29,65.0,17.0,34.0,33.0,14.0,65.0
2010-06-30,50.0,17.0,29.0,22.0,12.0,50.0
2010-07-01,55.0,21.0,25.0,27.0,12.0,55.0
2010-07-02,62.0,22.0,37.0,66.0,19.0,66.0
2010-07-03,64.0,15.0,34.0,76.0,20.0,76.0
2010-07-04,56.0,13.0,46.0,51.0,23.0,56.0
2010-07-05,54.0,21.0,30.0,36.0,14.0,54.0
2010-07-06,55.0,20.0,34.0,35.0,19.0,55.0
2010-07-07,63.0,19.0,37.0,37.0,20.0,63.0
2010-07-08,74.0,18.0,71.0,43.0,22.0,74.0
2010-07-09,51.0,16.0,34.0,39.0,20.0,51.0
2010-07-10,55.0,16.0,44.0,34.0,20.0,55.0
2010-07-11,58.0,17.0,43.0,33.0,18.0,58.0
2010-07-12,61.0,16.0,43.0,64.0,29.0,64.0
2010-07-13,66.0,15.0,36.0,33.0,21.0,66.0
2010-07-14,61.0,18.0,37.0,30.0,21.0,61.0
2010-07-15,63.0,17.0,31.0,31.0,15.0,63.0
2010-07-16,63.0,17.0,39.0,31.0,21.0,63.0
2010-07-17,81.0,20.0,41.0,43.0,23.0,81.0
2010-07-18,61.0,16.0,33.0,45.0,23.0,61.0
2010-07-19,53.0,14.0,35.0,37.0,21.0,53.0
2010-07-20,52.0,17.0,40.0,54.0,27.0,54.0
2010-07-21,60.0,17.0,41.0,39.0,22.0,60.0
2010-07-22,62.0,18.0,39.0,60.0,22.0,62.0
2010-07-23,65.0,25.0,36.0,46.0,20.0,65.0
2010-07-24,55.0,17.0,30.0,45.0,17.0,55.0
2010-07-25,60.0,16.0,27.0,65.0,17.0,65.0
2010-07-26,62.0,17.0,31.0,40.0,16.0,62.0
2010-07-27,49.0,13.0,31.0,29.0,11.0,49.0
2010-07-28,57.0,22.0,44.0,59.0,24.0,59.0
2010-07-29,63.0,14.0,40.0,38.0,20.0,63.0
2010-07-30,48.0,15.0,31.0,22.0,10.0,48.0
2010-07-31,50.0,16.0,21.0,25.0,10.0,50.0
2010-08-01,48.0,12.0,19.0,47.0,25.0,48.0
2010-08-02,57.0,15.0,36.0,57.0,29.0,57.0
2010-08-03,61.0,13.0,31.0,48.0,17.0,61.0
2010-08-06,60.0,17.0,38.0,59.0,17.0,60.0
2010-08-07,61.0,13.0,40.0,80.0,32.0,80.0
2010-08-08,60.0,12.0,42.0,73.0,19.0,73.0
2010-08-09,61.0,16.0,40.0,77.0,26.0,77.0
2010-08-10,63.0,14.0,36.0,35.0,20.0,63.0
2010-08-13,54.0,16.0,20.0,31.0,9.0,54.0
2010-08-14,43.0,16.0,33.0,28.0,6.0,43.0
2010-08-15,53.0,15.0,27.0,44.0,11.0,53.0
2010-08-16,60.0,17.0,34.0,37.0,25.0,60.0
2010-08-17,54.0,14.0,43.0,46.0,15.0,54.0
2010-08-18,60.0,15.0,45.0,74.0,29.0,74.0
2010-08-19,39.0,12.0,40.0,34.0,26.0,40.0
2010-08-20,44.0,17.0,36.0,29.0,14.0,44.0
2010-08-21,52.0,14.0,45.0,30.0,15.0,52.0
2010-08-22,48.0,18.0,28.0,71.0,21.0,71.0
2010-08-23,65.0,17.0,34.0,48.0,16.0,65.0
2010-08-24,51.0,18.0,23.0,43.0,12.0,51.0
2010-08-25,68.0,18.0,80.0,45.0,17.0,80.0
2010-08-26,45.0,15.0,25.0,33.0,17.0,45.0
2010-08-27,49.0,19.0,33.0,36.0,15.0,49.0
2010-08-28,48.0,17.0,45.0,67.0,20.0,67.0
2010-08-29,59.0,23.0,39.0,70.0,20.0,70.0
2010-08-30,57.0,17.0,22.0,35.0,15.0,57.0
2010-08-31,52.0,16.0,27.0,35.0,14.0,52.0
2010-09-01,53.0,16.0,28.0,43.0,16.0,53.0
2010-09-02,56.0,17.0,35.0,44.0,23.0,56.0
2010-09-03,53.0,16.0,39.0,52.0,22.0,53.0
2010-09-04,47.0,19.0,32.0,44.0,21.0,47.0
2010-09-05,48.0,17.0,26.0,54.0,17.0,54.0
2010-09-06,51.0,15.0,35.0,26.0,19.0,51.0
2010-09-07,56.0,19.0,45.0,30.0,19.0,56.0
2010-09-08,50.0,16.0,43.0,65.0,21.0,65.0
2010-09-09,38.0,11.0,32.0,29.0,11.0,38.0
2010-09-10,51.0,11.0,45.0,39.0,14.0,51.0
2010-09-11,37.0,13.0,25.0,55.0,12.0,55.0
2010-09-12,25.0,11.0,18.0,50.0,17.0,50.0
2010-09-13,24.0,10.0,18.0,51.0,13.0,51.0
2010-09-14,28.0,12.0,26.0,42.0,11.0,42.0
2010-09-15,36.0,13.0,34.0,42.0,22.0,42.0
2010-09-16,36.0,12.0,28.0,21.0,14.0,36.0
2010-09-17,31.0,14.0,26.0,49.0,16.0,49.0
2010-09-18,51.0,16.0,32.0,50.0,15.0,51.0
2010-09-19,49.0,14.0,25.0,34.0,11.0,49.0
2010-09-20,37.0,14.0,30.0,39.0,15.0,39.0
2010-09-21,41.0,14.0,30.0,30.0,18.0,41.0
2010-09-22,55.0,15.0,64.0,45.0,22.0,64.0
2010-09-23,57.0,20.0,53.0,57.0,25.0,57.0
2010-09-24,55.0,19.0,49.0,58.0,22.0,58.0
2010-09-25,57.0,21.0,49.0,32.0,22.0,57.0
2010-09-26,32.0,15.0,20.0,46.0,11.0,46.0
2010-09-27,50.0,18.0,36.0,51.0,22.0,51.0
2010-09-28,37.0,16.0,31.0,71.0,21.0,71.0
2010-09-29,62.0,21.0,35.0,78.0,28.0,78.0
2010-09-30,65.0,19.0,36.0,62.0,23.0,65.0
2010-10-01,54.0,17.0,32.0,100.0,23.0,100.0
2010-10-02,56.0,18.0,41.0,67.0,20.0,67.0
2010-10-03,60.0,16.0,62.0,43.0,19.0,62.0
2010-10-04,39.0,15.0,44.0,51.0,27.0,51.0
2010-10-05,54.0,22.0,39.0,63.0,23.0,63.0
2010-10-06,69.0,27.0,41.0,71.0,24.0,71.0
2010-10-07,50.0,17.0,42.0,80.0,30.0,80.0
2010-10-08,62.0,21.0,36.0,59.0,24.0,62.0
2010-10-09,53.0,16.0,44.0,62.0,21.0,62.0
2010-10-10,41.0,19.0,23.0,55.0,14.0,55.0
2010-10-11,46.0,21.0,28.0,111.0,24.0,111.0
2010-10-12,59.0,25.0,31.0,95.0,26.0,95.0
2010-10-13,52.0,17.0,28.0,56.0,19.0,56.0
2010-10-14,51.0,21.0,32.0,60.0,24.0,60.0
2010-10-15,49.0,15.0,46.0,43.0,23.0,49.0
2010-10-16,48.0,18.0,31.0,40.0,17.0,48.0
2010-10-17,48.0,17.0,25.0,46.0,15.0,48.0
2010-10-18,54.0,16.0,38.0,64.0,18.0,64.0
2010-10-19,47.0,17.0,31.0,69.0,22.0,69.0
2010-10-20,47.0,15.0,35.0,70.0,20.0,70.0
2010-10-21,41.0,17.0,33.0,90.0,21.0,90.0
2010-10-22,48.0,17.0,31.0,75.0,23.0,75.0
2010-10-23,56.0,15.0,59.0,66.0,23.0,66.0
2010-10-24,52.0,15.0,35.0,37.0,17.0,52.0
2010-10-25,43.0,18.0,38.0,58.0,23.0,58.0
2010-10-26,37.0,15.0,48.0,32.0,18.0,48.0
2010-10-27,43.0,17.0,34.0,70.0,21.0,70.0
2010-10-28,40.0,16.0,32.0,69.0,22.0,69.0
2010-10-29,49.0,18.0,32.0,57.0,21.0,57.0
2010-10-30,57.0,19.0,37.0,55.0,19.0,57.0
2010-10-31,39.0,12.0,30.0,36.0,14.0,39.0
2010-11-02,33.0,14.0,18.0,25.0,8.0,33.0
2010-11-03,56.0,18.0,32.0,48.0,18.0,56.0
2010-11-04,54.0,17.0,47.0,33.0,12.0,54.0
2010-11-05,13.0,1.0,22.0,54.0,11.0,54.0
2010-11-06,49.0,14.0,30.0,26.0,12.0,49.0
2010-11-07,69.0,0.0,19.0,80.0,6.0,80.0
2010-11-08,32.0,0.0,8.0,56.0,3.0,56.0
2010-11-09,14.0,1.0,17.0,78.0,11.0,78.0
2010-11-10,55.0,0.0,15.0,215.0,10.0,215.0
2010-11-11,56.0,0.0,16.0,126.0,10.0,126.0
2010-11-12,44.0,0.0,22.0,81.0,8.0,81.0
2010-11-13,16.0,3.0,15.0,123.0,14.0,123.0
2010-11-14,52.0,0.0,31.0,67.0,11.0,67.0
2010-11-15,51.0,0.0,16.0,130.0,7.0,130.0
2010-11-16,64.0,0.0,32.0,137.0,11.0,137.0
2010-11-17,61.0,0.0,33.0,136.0,12.0,136.0
2010-11-18,57.0,0.0,20.0,206.0,6.0,206.0
2010-11-20,67.0,0.0,19.0,195.0,9.0,195.0
2010-11-21,68.0,0.0,27.0,154.0,9.0,154.0
2010-11-22,55.0,0.0,15.0,238.0,13.0,238.0
2010-11-23,69.0,0.0,18.0,112.0,13.0,112.0
2010-11-24,52.0,2.0,12.0,146.0,8.0,146.0
2010-11-25,52.0,2.0,12.0,190.0,9.0,190.0
2010-11-26,61.0,2.0,19.0,172.0,8.0,172.0
2010-11-27,53.0,2.0,15.0,189.0,6.0,189.0
2010-11-29,56.0,19.0,37.0,93.0,26.0,93.0
2010-11-30,66.0,0.0,18.0,74.0,8.0,74.0
2010-12-01,58.0,3.0,12.0,80.0,3.0,80.0
2010-12-02,53.0,3.0,12.0,80.0,4.0,80.0
2010-12-03,59.0,5.0,16.0,82.0,9.0,82.0
2010-12-04,74.0,5.0,28.0,46.0,5.0,74.0
2010-12-05,60.0,2.0,38.0,18.0,6.0,60.0
2010-12-06,55.0,1.0,15.0,23.0,13.0,55.0
2010-12-07,54.0,1.0,13.0,19.0,5.0,54.0
2010-12-08,61.0,0.0,12.0,21.0,7.0,61.0
2010-12-09,35.0,4.0,10.0,58.0,4.0,58.0
2010-12-10,63.0,1.0,12.0,29.0,8.0,63.0
2010-12-11,54.0,0.0,9.0,19.0,6.0,54.0
2010-12-12,56.0,1.0,17.0,24.0,6.0,56.0
2010-12-13,39.0,4.0,7.0,83.0,3.0,83.0
2010-12-14,82.0,3.0,27.0,33.0,11.0,82.0
2010-12-15,58.0,5.0,17.0,119.0,9.0,119.0
2010-12-16,41.0,5.0,8.0,44.0,2.0,44.0
2010-12-17,38.0,20.0,20.0,23.0,7.0,38.0
2010-12-18,34.0,3.0,6.0,28.0,2.0,34.0
2010-12-19,49.0,4.0,15.0,32.0,3.0,49.0
2010-12-20,51.0,4.0,13.0,31.0,4.0,51.0
2010-12-21,40.0,4.0,7.0,32.0,3.0,40.0
2010-12-22,55.0,1.0,9.0,29.0,7.0,55.0
2010-12-23,59.0,2.0,18.0,27.0,6.0,59.0
2010-12-24,62.0,5.0,16.0,241.0,9.0,241.0
2010-12-25,65.0,6.0,16.0,80.0,7.0,80.0
2010-12-26,65.0,5.0,20.0,52.0,4.0,65.0
2010-12-27,38.0,6.0,4.0,54.0,2.0,54.0
2010-12-29,42.0,5.0,9.0,40.0,4.0,42.0
2010-12-30,38.0,7.0,4.0,40.0,1.0,40.0
2010-12-31,17.0,6.0,13.0,34.0,15.0,34.0
2011-01-02,35.0,15.0,15.0,47.0,10.0,47.0
2011-01-03,41.0,16.0,28.0,21.0,14.0,41.0
2011-01-08,70.0,4.0,25.0,69.0,7.0,70.0
2011-01-09,74.0,5.0,34.0,78.0,11.0,78.0
2011-01-12,60.0,4.0,14.0,31.0,15.0,60.0
2011-01-13,67.0,3.0,14.0,73.0,9.0,73.0
2011-01-14,70.0,2.0,9.0,55.0,3.0,70.0
2011-01-15,90.0,2.0,8.0,58.0,3.0,90.0
2011-01-16,66.0,2.0,11.0,16.0,8.0,66.0
2011-01-17,67.0,3.0,18.0,39.0,7.0,67.0
2011-01-18,80.0,2.0,29.0,48.0,6.0,80.0
2011-01-20,49.0,16.0,25.0,31.0,14.0,49.0
2011-01-22,65.0,4.0,39.0,50.0,23.0,65.0
2011-01-23,67.0,3.0,59.0,48.0,12.0,67.0
2011-01-24,63.0,4.0,32.0,36.0,17.0,63.0
2011-01-25,60.0,7.0,25.0,59.0,19.0,60.0
2011-01-26,58.0,8.0,20.0,70.0,17.0,70.0
2011-01-27,94.0,3.0,21.0,40.0,5.0,94.0
2011-01-28,68.0,3.0,38.0,34.0,16.0,68.0
2011-01-29,48.0,2.0,12.0,40.0,12.0,48.0
2011-01-30,56.0,3.0,15.0,40.0,11.0,56.0
2011-01-31,47.0,2.0,10.0,21.0,8.0,47.0
2011-02-01,56.0,3.0,18.0,29.0,8.0,56.0
2011-02-02,60.0,4.0,23.0,40.0,16.0,60.0
2011-02-03,50.0,4.0,20.0,48.0,8.0,50.0
2011-02-04,49.0,4.0,15.0,34.0,16.0,49.0
2011-02-05,56.0,3.0,44.0,28.0,19.0,56.0
2011-02-06,38.0,2.0,13.0,38.0,9.0,38.0
2011-02-07,51.0,3.0,20.0,32.0,16.0,51.0
2011-02-08,57.0,3.0,38.0,53.0,18.0,57.0
2011-02-09,55.0,3.0,14.0,70.0,14.0,70.0
2011-02-10,73.0,4.0,38.0,64.0,21.0,73.0
2011-02-14,62.0,3.0,16.0,35.0,18.0,62.0
2011-02-15,55.0,4.0,39.0,52.0,20.0,55.0
2011-02-16,65.0,3.0,39.0,35.0,22.0,65.0
2011-02-17,20.0,3.0,31.0,61.0,9.0,61.0
2011-02-18,59.0,2.0,22.0,50.0,17.0,59.0
2011-02-19,59.0,3.0,33.0,42.0,21.0,59.0
2011-02-20,53.0,3.0,21.0,46.0,17.0,53.0
2011-02-21,21.0,3.0,12.0,56.0,4.0,56.0
2011-02-22,68.0,3.0,47.0,44.0,19.0,68.0
2011-02-23,63.0,3.0,27.0,43.0,14.0,63.0
2011-02-24,47.0,3.0,23.0,47.0,19.0,47.0
2011-02-25,61.0,4.0,23.0,42.0,18.0,61.0
2011-02-26,62.0,3.0,23.0,44.0,18.0,62.0
2011-02-27,55.0,3.0,38.0,27.0,22.0,55.0
2011-02-28,52.0,3.0,33.0,21.0,16.0,52.0
2011-03-01,16.0,4.0,24.0,42.0,8.0,42.0
2011-03-02,40.0,2.0,10.0,20.0,7.0,40.0
2011-03-03,53.0,3.0,17.0,36.0,6.0,53.0
2011-03-04,51.0,2.0,13.0,24.0,8.0,51.0
2011-03-05,40.0,3.0,11.0,25.0,7.0,40.0
2011-03-06,51.0,3.0,18.0,15.0,10.0,51.0
2011-03-07,54.0,3.0,15.0,25.0,11.0,54.0
2011-03-08,43.0,2.0,7.0,20.0,6.0,43.0
2011-03-09,51.0,3.0,9.0,31.0,9.0,51.0
2011-03-10,54.0,3.0,17.0,43.0,17.0,54.0
2011-03-11,58.0,3.0,13.0,48.0,10.0,58.0
2011-03-12,24.0,9.0,16.0,60.0,28.0,60.0
2011-03-13,67.0,4.0,19.0,42.0,12.0,67.0
2011-03-14,68.0,3.0,32.0,22.0,11.0,68.0
2011-03-17,22.0,3.0,17.0,111.0,8.0,111.0
2011-03-18,87.0,3.0,21.0,52.0,18.0,87.0
2011-03-19,78.0,3.0,29.0,60.0,13.0,78.0
2011-03-20,16.0,3.0,16.0,83.0,10.0,83.0
2011-03-21,52.0,2.0,14.0,29.0,9.0,52.0
2011-03-22,52.0,2.0,10.0,28.0,6.0,52.0
2011-03-23,51.0,2.0,8.0,17.0,7.0,51.0
2011-03-24,47.0,3.0,8.0,21.0,8.0,47.0
2011-03-25,47.0,3.0,15.0,32.0,6.0,47.0
2011-03-26,51.0,3.0,10.0,24.0,7.0,51.0
2011-03-27,55.0,3.0,16.0,21.0,7.0,55.0
2011-03-28,44.0,2.0,5.0,18.0,5.0,44.0
2011-03-29,45.0,3.0,10.0,13.0,8.0,45.0
2011-03-30,49.0,3.0,10.0,14.0,5.0,49.0
2011-03-31,42.0,3.0,7.0,14.0,7.0,42.0
2011-04-01,45.0,2.0,10.0,14.0,7.0,45.0
2011-04-02,48.0,2.0,7.0,17.0,6.0,48.0
2011-04-03,52.0,2.0,8.0,18.0,6.0,52.0
2011-04-04,50.0,3.0,13.0,24.0,10.0,50.0
2011-04-05,59.0,3.0,9.0,22.0,10.0,59.0
2011-04-06,52.0,2.0,7.0,21.0,8.0,52.0
2011-04-07,57.0,3.0,9.0,19.0,7.0,57.0
2011-04-08,55.0,4.0,13.0,32.0,12.0,55.0
2011-04-09,50.0,21.0,33.0,24.0,12.0,50.0
2011-04-10,29.0,10.0,17.0,49.0,19.0,49.0
2011-04-12,55.0,11.0,31.0,90.0,18.0,90.0
2011-04-13,15.0,5.0,20.0,116.0,10.0,116.0
2011-04-14,65.0,18.0,21.0,74.0,18.0,74.0
2011-04-15,57.0,4.0,25.0,122.0,9.0,122.0
2011-04-16,58.0,6.0,21.0,171.0,12.0,171.0
2011-04-17,61.0,14.0,30.0,126.0,19.0,126.0
2011-04-18,42.0,5.0,14.0,124.0,8.0,124.0
2011-04-19,50.0,4.0,22.0,128.0,14.0,128.0
2011-04-20,67.0,13.0,19.0,89.0,12.0,89.0
2011-04-21,62.0,6.0,22.0,94.0,27.0,94.0
2011-04-22,55.0,16.0,26.0,125.0,15.0,125.0
2011-04-23,53.0,9.0,17.0,127.0,16.0,127.0
2011-04-24,53.0,15.0,27.0,83.0,16.0,83.0
2011-04-25,55.0,17.0,36.0,70.0,14.0,70.0
2011-04-26,71.0,5.0,22.0,62.0,14.0,71.0
2011-04-27,53.0,25.0,34.0,71.0,22.0,71.0
2011-04-28,53.0,4.0,21.0,69.0,11.0,69.0
2011-04-29,77.0,4.0,19.0,54.0,20.0,77.0
2011-04-30,62.0,19.0,42.0,78.0,22.0,78.0
2011-05-01,59.0,18.0,51.0,88.0,20.0,88.0
2011-05-02,61.0,5.0,16.0,98.0,12.0,98.0
2011-05-03,61.0,22.0,31.0,69.0,14.0,69.0
2011-05-04,63.0,4.0,19.0,32.0,17.0,63.0
2011-05-05,76.0,4.0,20.0,25.0,16.0,76.0
2011-05-06,43.0,8.0,34.0,65.0,16.0,65.0
2011-05-07,63.0,3.0,38.0,66.0,14.0,66.0
2011-05-08,56.0,4.0,42.0,32.0,13.0,56.0
2011-05-09,51.0,5.0,20.0,153.0,27.0,153.0
2011-05-10,47.0,5.0,22.0,137.0,16.0,137.0
2011-05-11,46.0,4.0,25.0,92.0,8.0,92.0
2011-05-12,84.0,4.0,32.0,57.0,18.0,84.0
2011-05-13,59.0,18.0,35.0,87.0,18.0,87.0
2011-05-14,59.0,3.0,37.0,84.0,20.0,84.0
2011-05-15,39.0,3.0,20.0,99.0,6.0,99.0
2011-05-16,40.0,4.0,16.0,139.0,10.0,139.0
2011-05-17,44.0,4.0,21.0,133.0,12.0,133.0
2011-05-18,69.0,4.0,22.0,85.0,14.0,85.0
2011-05-19,89.0,4.0,43.0,51.0,22.0,89.0
2011-05-20,55.0,4.0,15.0,107.0,8.0,107.0
2011-05-21,48.0,4.0,21.0,82.0,8.0,82.0
2011-05-22,84.0,4.0,38.0,72.0,11.0,84.0
2011-05-23,56.0,5.0,20.0,140.0,12.0,140.0
2011-05-24,55.0,4.0,21.0,96.0,9.0,96.0
2011-05-25,53.0,5.0,17.0,113.0,20.0,113.0
2011-05-26,54.0,4.0,17.0,114.0,11.0,114.0
2011-05-27,56.0,5.0,20.0,95.0,18.0,95.0
2011-05-28,57.0,5.0,35.0,111.0,9.0,111.0
2011-05-29,69.0,5.0,31.0,107.0,15.0,107.0
2011-05-30,66.0,4.0,25.0,98.0,9.0,98.0
2011-05-31,64.0,17.0,24.0,93.0,21.0,93.0
2011-06-01,91.0,4.0,26.0,58.0,23.0,91.0
2011-06-02,68.0,4.0,16.0,44.0,13.0,68.0
2011-06-03,65.0,5.0,13.0,29.0,10.0,65.0
2011-06-04,73.0,4.0,17.0,37.0,9.0,73.0
2011-06-05,77.0,5.0,28.0,35.0,15.0,77.0
2011-06-06,70.0,4.0,23.0,81.0,18.0,81.0
2011-06-07,66.0,5.0,25.0,92.0,11.0,92.0
2011-06-08,90.0,5.0,25.0,85.0,31.0,90.0
2011-06-09,27.0,5.0,18.0,121.0,11.0,121.0
2011-06-10,53.0,4.0,12.0,93.0,7.0,93.0
2011-06-11,57.0,5.0,29.0,94.0,11.0,94.0
2011-06-12,93.0,5.0,29.0,56.0,25.0,93.0
2011-06-13,57.0,5.0,15.0,91.0,8.0,91.0
2011-06-14,88.0,4.0,17.0,93.0,18.0,93.0
2011-06-15,62.0,16.0,20.0,137.0,18.0,137.0
2011-06-16,110.0,5.0,18.0,91.0,14.0,110.0
2011-06-17,105.0,5.0,32.0,77.0,21.0,105.0
2011-06-18,63.0,6.0,15.0,128.0,13.0,128.0
2011-06-19,60.0,6.0,13.0,119.0,17.0,119.0
2011-06-20,109.0,5.0,27.0,88.0,27.0,109.0
2011-06-21,97.0,5.0,21.0,70.0,14.0,97.0
2011-06-22,112.0,9.0,19.0,83.0,12.0,112.0
2011-06-23,109.0,9.0,23.0,86.0,11.0,109.0
2011-06-24,107.0,9.0,20.0,82.0,12.0,107.0
2011-06-25,87.0,7.0,12.0,55.0,7.0,87.0
2011-06-26,103.0,7.0,19.0,59.0,11.0,103.0
2011-06-27,85.0,8.0,14.0,39.0,10.0,85.0
2011-06-28,54.0,8.0,19.0,122.0,20.0,122.0
2011-06-29,50.0,5.0,17.0,157.0,9.0,157.0
2011-06-30,59.0,16.0,19.0,127.0,17.0,127.0
2011-07-01,85.0,7.0,20.0,31.0,11.0,85.0
2011-07-02,128.0,10.0,32.0,63.0,13.0,128.0
2011-07-03,94.0,6.0,19.0,60.0,9.0,94.0
2011-07-04,89.0,6.0,15.0,68.0,7.0,89.0
2011-07-05,93.0,6.0,20.0,62.0,19.0,93.0
2011-07-06,54.0,5.0,12.0,80.0,7.0,80.0
2011-07-07,59.0,5.0,16.0,90.0,10.0,90.0
2011-07-08,63.0,6.0,13.0,88.0,10.0,88.0
2011-07-09,80.0,7.0,17.0,59.0,12.0,80.0
2011-07-10,83.0,7.0,15.0,73.0,9.0,83.0
2011-07-11,56.0,5.0,16.0,92.0,10.0,92.0
2011-07-12,92.0,5.0,27.0,61.0,14.0,92.0
2011-07-13,68.0,5.0,21.0,82.0,10.0,82.0
2011-07-14,52.0,4.0,15.0,105.0,5.0,105.0
2011-07-15,61.0,12.0,22.0,174.0,17.0,174.0
2011-07-16,56.0,5.0,14.0,120.0,15.0,120.0
2011-07-17,101.0,5.0,28.0,77.0,11.0,101.0
2011-07-18,122.0,5.0,30.0,80.0,9.0,122.0
2011-07-19,97.0,6.0,28.0,56.0,15.0,97.0
2011-07-20,50.0,5.0,10.0,71.0,7.0,71.0
2011-07-21,107.0,4.0,16.0,41.0,7.0,107.0
2011-07-22,73.0,5.0,13.0,39.0,7.0,73.0
2011-07-23,103.0,5.0,33.0,54.0,11.0,103.0
2011-07-24,116.0,5.0,25.0,78.0,10.0,116.0
2011-07-25,60.0,5.0,15.0,127.0,13.0,127.0
2011-07-26,58.0,5.0,17.0,104.0,10.0,104.0
2011-07-27,100.0,6.0,19.0,60.0,13.0,100.0
2011-07-28,57.0,5.0,10.0,113.0,7.0,113.0
2011-07-29,57.0,10.0,16.0,136.0,24.0,136.0
2011-07-30,68.0,14.0,18.0,129.0,17.0,129.0
2011-07-31,96.0,6.0,23.0,63.0,10.0,96.0
2011-08-01,110.0,6.0,19.0,51.0,12.0,110.0
2011-08-02,95.0,6.0,13.0,52.0,12.0,95.0
2011-08-03,69.0,15.0,19.0,165.0,18.0,165.0
2011-08-04,59.0,5.0,12.0,117.0,12.0,117.0
2011-08-05,65.0,10.0,22.0,168.0,17.0,168.0
2011-08-06,119.0,7.0,18.0,79.0,16.0,119.0
2011-08-08,134.0,5.0,20.0,58.0,11.0,134.0
2011-08-09,118.0,6.0,15.0,83.0,10.0,118.0
2011-08-10,78.0,6.0,20.0,138.0,9.0,138.0
2011-08-11,127.0,6.0,24.0,72.0,15.0,127.0
2011-08-12,66.0,6.0,12.0,92.0,10.0,92.0
2011-08-13,95.0,7.0,15.0,61.0,9.0,95.0
2011-08-14,110.0,5.0,18.0,71.0,8.0,110.0
2011-08-16,100.0,7.0,13.0,58.0,9.0,100.0
2011-08-17,136.0,6.0,22.0,62.0,11.0,136.0
2011-08-18,171.0,6.0,42.0,65.0,13.0,171.0
2011-08-19,138.0,6.0,23.0,45.0,10.0,138.0
2011-08-20,100.0,6.0,12.0,58.0,8.0,100.0
2011-08-21,113.0,6.0,15.0,63.0,11.0,113.0
2011-08-22,146.0,7.0,25.0,65.0,10.0,146.0
2011-08-23,126.0,6.0,19.0,71.0,8.0,126.0
2011-08-24,105.0,7.0,18.0,78.0,14.0,105.0
2011-08-25,72.0,12.0,17.0,152.0,14.0,152.0
2011-08-26,65.0,7.0,17.0,148.0,14.0,148.0
2011-08-27,126.0,6.0,32.0,60.0,12.0,126.0
2011-08-28,116.0,5.0,27.0,60.0,12.0,116.0
2011-08-29,98.0,5.0,16.0,50.0,9.0,98.0
2011-08-30,59.0,10.0,14.0,93.0,6.0,93.0
2011-08-31,61.0,14.0,22.0,95.0,10.0,95.0
2011-09-01,49.0,9.0,12.0,97.0,8.0,97.0
2011-09-02,92.0,5.0,15.0,52.0,8.0,92.0
2011-09-03,51.0,5.0,9.0,102.0,5.0,102.0
2011-09-04,58.0,5.0,12.0,98.0,10.0,98.0
2011-09-05,154.0,5.0,28.0,59.0,11.0,154.0
2011-09-06,112.0,6.0,19.0,55.0,9.0,112.0
2011-09-07,120.0,6.0,19.0,69.0,11.0,120.0
2011-09-09,59.0,5.0,16.0,136.0,6.0,136.0
2011-09-11,56.0,5.0,10.0,99.0,6.0,99.0
2011-09-12,122.0,6.0,15.0,68.0,11.0,122.0
2011-09-13,67.0,6.0,15.0,141.0,6.0,141.0
2011-09-14,88.0,6.0,9.0,44.0,7.0,88.0
2011-09-15,108.0,6.0,16.0,52.0,13.0,108.0
2011-09-16,94.0,6.0,16.0,84.0,12.0,94.0
2011-09-17,100.0,8.0,12.0,62.0,10.0,100.0
2011-09-18,148.0,6.0,26.0,64.0,10.0,148.0
2011-09-21,85.0,6.0,52.0,130.0,17.0,130.0
2011-09-22,65.0,7.0,14.0,177.0,12.0,177.0
2011-09-23,87.0,16.0,20.0,201.0,15.0,201.0
2011-09-24,65.0,7.0,14.0,138.0,8.0,138.0
2011-09-25,62.0,6.0,16.0,102.0,12.0,102.0
2011-09-26,67.0,12.0,18.0,147.0,16.0,147.0
2011-09-27,78.0,15.0,17.0,119.0,28.0,119.0
2011-09-28,58.0,6.0,9.0,127.0,7.0,127.0
2011-09-29,57.0,7.0,11.0,147.0,11.0,147.0
2011-09-30,65.0,7.0,18.0,112.0,12.0,112.0
2011-10-01,81.0,8.0,15.0,124.0,20.0,124.0
2011-10-02,55.0,6.0,9.0,114.0,5.0,114.0
2011-10-03,71.0,13.0,15.0,147.0,22.0,147.0
2011-10-04,50.0,5.0,14.0,107.0,9.0,107.0
2011-10-05,74.0,15.0,18.0,118.0,18.0,118.0
2011-10-06,50.0,5.0,11.0,99.0,6.0,99.0
2011-10-07,58.0,7.0,17.0,120.0,14.0,120.0
2011-10-08,74.0,6.0,8.0,53.0,9.0,74.0
2011-10-09,113.0,7.0,30.0,76.0,12.0,113.0
2011-10-10,71.0,16.0,34.0,107.0,19.0,107.0
2011-10-11,56.0,8.0,16.0,208.0,12.0,208.0
2011-10-12,60.0,6.0,18.0,205.0,9.0,205.0
2011-10-13,59.0,7.0,15.0,140.0,7.0,140.0
2011-10-14,64.0,8.0,20.0,102.0,11.0,102.0
2011-10-15,61.0,7.0,14.0,154.0,8.0,154.0
2011-10-17,50.0,6.0,12.0,78.0,6.0,78.0
2011-10-18,89.0,6.0,10.0,50.0,9.0,89.0
2011-10-19,104.0,7.0,22.0,54.0,11.0,104.0
2011-10-20,64.0,13.0,19.0,120.0,15.0,120.0
2011-10-21,131.0,7.0,24.0,69.0,11.0,131.0
2011-10-22,68.0,15.0,27.0,100.0,16.0,100.0
2011-10-23,67.0,15.0,26.0,140.0,16.0,140.0
2011-10-24,82.0,6.0,13.0,37.0,11.0,82.0
2011-10-25,107.0,6.0,17.0,46.0,8.0,107.0
2011-10-26,61.0,11.0,28.0,138.0,18.0,138.0
2011-10-27,69.0,17.0,30.0,93.0,18.0,93.0
2011-10-28,88.0,6.0,9.0,51.0,7.0,88.0
2011-10-29,65.0,15.0,32.0,87.0,16.0,87.0
2011-10-30,59.0,11.0,10.0,100.0,5.0,100.0
2011-10-31,68.0,18.0,26.0,154.0,19.0,154.0
2011-11-01,69.0,5.0,42.0,109.0,16.0,109.0
2011-11-02,92.0,18.0,25.0,89.0,17.0,92.0
2011-11-03,57.0,5.0,23.0,78.0,11.0,78.0
2011-11-04,57.0,11.0,21.0,64.0,15.0,64.0
2011-11-05,51.0,13.0,20.0,106.0,31.0,106.0
2011-11-06,47.0,11.0,17.0,71.0,15.0,71.0
2011-11-07,54.0,15.0,15.0,175.0,16.0,175.0
2011-11-08,71.0,13.0,11.0,105.0,15.0,105.0
2011-11-09,52.0,7.0,15.0,127.0,13.0,127.0
2011-11-10,64.0,7.0,29.0,82.0,11.0,82.0
2011-11-11,73.0,19.0,35.0,79.0,18.0,79.0
2011-11-12,56.0,13.0,16.0,96.0,11.0,96.0
2011-11-13,55.0,12.0,26.0,94.0,17.0,94.0
2011-11-14,64.0,22.0,22.0,123.0,21.0,123.0
2011-11-15,61.0,15.0,35.0,147.0,19.0,147.0
2011-11-16,76.0,19.0,39.0,185.0,18.0,185.0
2011-11-17,76.0,19.0,15.0,179.0,15.0,179.0
2011-11-18,70.0,18.0,22.0,129.0,20.0,129.0
2011-11-19,46.0,7.0,14.0,122.0,6.0,122.0
2011-11-20,54.0,7.0,18.0,152.0,9.0,152.0
2011-11-21,65.0,20.0,29.0,121.0,14.0,121.0
2011-11-22,61.0,23.0,19.0,106.0,21.0,106.0
2011-11-23,90.0,25.0,28.0,179.0,20.0,179.0
2011-11-24,59.0,16.0,16.0,158.0,22.0,158.0
2011-11-25,57.0,14.0,15.0,115.0,13.0,115.0
2011-11-26,71.0,14.0,33.0,126.0,15.0,126.0
2011-11-27,61.0,12.0,19.0,133.0,12.0,133.0
2011-11-28,69.0,16.0,32.0,159.0,26.0,159.0
2011-11-29,80.0,20.0,21.0,104.0,19.0,104.0
2011-11-30,55.0,14.0,17.0,164.0,20.0,164.0
2011-12-01,63.0,18.0,14.0,107.0,16.0,107.0
2011-12-02,39.0,13.0,20.0,131.0,12.0,131.0
2011-12-03,43.0,12.0,17.0,105.0,13.0,105.0
2011-12-04,93.0,8.0,39.0,89.0,16.0,93.0
2011-12-06,56.0,16.0,19.0,85.0,18.0,85.0
2011-12-08,53.0,6.0,23.0,171.0,10.0,171.0
2011-12-09,58.0,6.0,27.0,171.0,10.0,171.0
2011-12-10,82.0,25.0,36.0,100.0,17.0,100.0
2011-12-11,48.0,14.0,31.0,151.0,15.0,151.0
2011-12-12,53.0,16.0,22.0,171.0,11.0,171.0
2011-12-13,61.0,6.0,28.0,82.0,13.0,82.0
2011-12-14,52.0,15.0,26.0,106.0,17.0,106.0
2011-12-15,36.0,12.0,18.0,117.0,12.0,117.0
2011-12-16,43.0,7.0,6.0,28.0,6.0,43.0
2011-12-17,42.0,7.0,3.0,28.0,4.0,42.0
2011-12-18,41.0,7.0,4.0,24.0,5.0,41.0
2011-12-19,43.0,6.0,5.0,34.0,4.0,43.0
2011-12-20,44.0,7.0,5.0,30.0,6.0,44.0
2011-12-21,53.0,7.0,8.0,35.0,7.0,53.0
2011-12-22,51.0,17.0,16.0,199.0,16.0,199.0
2011-12-23,41.0,14.0,19.0,201.0,13.0,201.0
2011-12-24,62.0,16.0,69.0,206.0,10.0,206.0
2011-12-25,57.0,15.0,39.0,190.0,13.0,190.0
2011-12-27,28.0,4.0,18.0,90.0,12.0,90.0
2011-12-28,43.0,4.0,20.0,101.0,15.0,101.0
2011-12-29,50.0,7.0,17.0,76.0,14.0,76.0
2011-12-30,45.0,4.0,27.0,81.0,8.0,81.0
2011-12-31,28.0,3.0,15.0,81.0,6.0,81.0
2012-01-01,36.0,3.0,16.0,63.0,6.0,63.0
2012-01-02,36.0,6.0,17.0,55.0,6.0,55.0
2012-01-03,50.0,15.0,42.0,86.0,22.0,86.0
2012-01-04,54.0,20.0,36.0,97.0,14.0,97.0
2012-01-05,67.0,6.0,27.0,157.0,24.0,157.0
2012-01-06,46.0,7.0,36.0,68.0,10.0,68.0
2012-01-07,44.0,3.0,27.0,73.0,13.0,73.0
2012-01-08,38.0,3.0,31.0,90.0,10.0,90.0
2012-01-09,54.0,16.0,32.0,72.0,16.0,72.0
2012-01-10,31.0,4.0,22.0,69.0,13.0,69.0
2012-01-11,32.0,3.0,22.0,75.0,14.0,75.0
2012-01-12,33.0,5.0,27.0,52.0,13.0,52.0
2012-01-13,39.0,5.0,24.0,55.0,13.0,55.0
2012-01-14,34.0,19.0,34.0,54.0,7.0,54.0
2012-01-15,31.0,4.0,18.0,89.0,10.0,89.0
2012-01-16,38.0,5.0,21.0,86.0,16.0,86.0
2012-01-17,60.0,11.0,16.0,94.0,15.0,94.0
2012-01-18,42.0,10.0,18.0,98.0,19.0,98.0
2012-01-19,52.0,5.0,34.0,65.0,16.0,65.0
2012-01-20,44.0,4.0,18.0,73.0,12.0,73.0
2012-01-21,37.0,25.0,25.0,90.0,11.0,90.0
2012-01-22,68.0,2.0,99.0,50.0,14.0,99.0
2012-01-23,35.0,4.0,12.0,78.0,9.0,78.0
2012-01-24,55.0,3.0,13.0,43.0,6.0,55.0
2012-01-25,46.0,22.0,24.0,62.0,13.0,62.0
2012-01-26,49.0,8.0,20.0,81.0,11.0,81.0
2012-01-27,42.0,5.0,11.0,96.0,14.0,96.0
2012-01-28,39.0,24.0,26.0,85.0,14.0,85.0
2012-01-29,33.0,4.0,15.0,75.0,6.0,75.0
2012-01-30,36.0,5.0,17.0,130.0,7.0,130.0
2012-01-31,31.0,3.0,24.0,61.0,10.0,61.0
2012-02-01,67.0,8.0,57.0,105.0,19.0,105.0
2012-02-02,51.0,52.0,34.0,74.0,15.0,74.0
2012-02-03,55.0,31.0,44.0,59.0,14.0,59.0
2012-02-04,59.0,29.0,37.0,54.0,12.0,59.0
2012-02-05,49.0,5.0,23.0,90.0,15.0,90.0
2012-02-06,45.0,7.0,18.0,70.0,10.0,70.0
2012-02-07,53.0,22.0,34.0,72.0,14.0,72.0
2012-02-08,78.0,6.0,23.0,52.0,12.0,78.0
2012-02-09,42.0,12.0,37.0,78.0,13.0,78.0
2012-02-10,49.0,13.0,14.0,112.0,13.0,112.0
2012-02-11,64.0,17.0,37.0,134.0,13.0,134.0
2012-02-12,37.0,10.0,16.0,91.0,12.0,91.0
2012-02-13,40.0,11.0,21.0,171.0,14.0,171.0
2012-02-14,80.0,17.0,40.0,100.0,22.0,100.0
2012-02-15,59.0,16.0,17.0,157.0,15.0,157.0
2012-02-16,62.0,16.0,20.0,93.0,18.0,93.0
2012-02-17,75.0,14.0,31.0,154.0,26.0,154.0
2012-02-18,34.0,1.0,12.0,100.0,10.0,100.0
2012-02-19,52.0,1.0,24.0,123.0,8.0,123.0
2012-02-20,58.0,5.0,14.0,83.0,16.0,83.0
2012-02-21,68.0,19.0,21.0,175.0,18.0,175.0
2012-02-22,53.0,4.0,27.0,168.0,10.0,168.0
2012-02-23,60.0,13.0,18.0,147.0,13.0,147.0
2012-02-24,61.0,16.0,20.0,151.0,15.0,151.0
2012-02-25,60.0,12.0,18.0,160.0,10.0,160.0
2012-02-26,60.0,14.0,19.0,162.0,14.0,162.0
2012-02-27,50.0,12.0,22.0,114.0,16.0,114.0
2012-02-28,77.0,18.0,33.0,232.0,17.0,232.0
2012-02-29,65.0,14.0,25.0,170.0,15.0,170.0
2012-03-01,66.0,18.0,44.0,137.0,15.0,137.0
2012-03-02,46.0,17.0,21.0,136.0,16.0,136.0
2012-03-04,36.0,14.0,16.0,94.0,6.0,94.0
2012-03-05,51.0,13.0,24.0,140.0,13.0,140.0
2012-03-06,47.0,5.0,16.0,90.0,9.0,90.0
2012-03-07,62.0,17.0,20.0,99.0,18.0,99.0
2012-03-08,35.0,11.0,19.0,95.0,11.0,95.0
2012-03-09,38.0,12.0,17.0,88.0,12.0,88.0
2012-03-10,50.0,12.0,21.0,115.0,15.0,115.0
2012-03-11,43.0,12.0,20.0,100.0,17.0,100.0
2012-03-12,45.0,11.0,15.0,177.0,11.0,177.0
2012-03-14,52.0,13.0,18.0,143.0,10.0,143.0
2012-03-15,42.0,12.0,16.0,78.0,11.0,78.0
2012-03-16,41.0,11.0,25.0,131.0,12.0,131.0
2012-03-17,52.0,14.0,16.0,90.0,15.0,90.0
2012-03-18,46.0,11.0,15.0,99.0,8.0,99.0
2012-03-19,37.0,13.0,18.0,92.0,8.0,92.0
2012-03-20,37.0,2.0,8.0,13.0,6.0,37.0
2012-03-21,29.0,17.0,17.0,42.0,3.0,42.0
2012-03-22,49.0,2.0,9.0,15.0,5.0,49.0
2012-03-23,59.0,3.0,12.0,19.0,7.0,59.0
2012-03-24,35.0,9.0,13.0,122.0,6.0,122.0
2012-03-25,43.0,10.0,16.0,125.0,8.0,125.0
2012-03-26,67.0,25.0,18.0,98.0,16.0,98.0
2012-03-27,74.0,18.0,33.0,136.0,29.0,136.0
2012-03-28,75.0,15.0,41.0,95.0,15.0,95.0
2012-03-29,53.0,14.0,23.0,142.0,11.0,142.0
2012-03-30,41.0,13.0,21.0,112.0,12.0,112.0
2012-03-31,51.0,16.0,17.0,204.0,12.0,204.0
2012-04-01,65.0,15.0,31.0,207.0,16.0,207.0
2012-04-02,67.0,15.0,38.0,191.0,20.0,191.0
2012-04-03,52.0,12.0,24.0,208.0,26.0,208.0
2012-04-04,42.0,25.0,38.0,110.0,23.0,110.0
2012-04-05,54.0,13.0,23.0,99.0,21.0,99.0
2012-04-06,67.0,22.0,25.0,80.0,14.0,80.0
2012-04-07,66.0,20.0,20.0,92.0,11.0,92.0
2012-04-08,62.0,16.0,21.0,133.0,9.0,133.0
2012-04-09,73.0,19.0,37.0,151.0,18.0,151.0
2012-04-10,49.0,2.0,27.0,106.0,16.0,106.0
2012-04-11,82.0,19.0,38.0,110.0,20.0,110.0
2012-04-12,68.0,19.0,20.0,147.0,19.0,147.0
2012-04-13,65.0,17.0,21.0,126.0,16.0,126.0
2012-04-14,71.0,20.0,13.0,141.0,11.0,141.0
2012-04-15,56.0,14.0,17.0,194.0,10.0,194.0
2012-04-16,68.0,16.0,18.0,167.0,13.0,167.0
2012-04-17,62.0,16.0,17.0,210.0,11.0,210.0
2012-04-18,86.0,20.0,41.0,144.0,16.0,144.0
2012-04-19,58.0,16.0,18.0,211.0,14.0,211.0
2012-04-20,66.0,12.0,38.0,212.0,20.0,212.0
2012-04-21,79.0,16.0,31.0,214.0,16.0,214.0
2012-04-22,64.0,16.0,45.0,200.0,20.0,200.0
2012-04-23,82.0,16.0,21.0,187.0,13.0,187.0
2012-04-24,79.0,17.0,22.0,150.0,12.0,150.0
2012-04-25,69.0,20.0,23.0,215.0,12.0,215.0
2012-04-26,61.0,13.0,17.0,220.0,13.0,220.0
2012-04-27,55.0,16.0,16.0,111.0,21.0,111.0
2012-04-28,78.0,19.0,23.0,164.0,18.0,164.0
2012-04-29,66.0,13.0,14.0,199.0,11.0,199.0
2012-04-30,62.0,15.0,31.0,135.0,20.0,135.0
2012-05-01,59.0,18.0,32.0,100.0,12.0,100.0
2012-05-02,66.0,15.0,24.0,236.0,15.0,236.0
2012-05-03,64.0,19.0,27.0,226.0,17.0,226.0
2012-05-04,72.0,21.0,24.0,226.0,17.0,226.0
2012-05-05,77.0,20.0,16.0,116.0,11.0,116.0
2012-05-06,62.0,15.0,23.0,180.0,13.0,180.0
2012-05-07,43.0,12.0,16.0,147.0,15.0,147.0
2012-05-08,75.0,20.0,50.0,115.0,25.0,115.0
2012-05-09,74.0,18.0,42.0,164.0,19.0,164.0
2012-05-10,81.0,18.0,21.0,170.0,16.0,170.0
2012-05-11,66.0,16.0,20.0,173.0,18.0,173.0
2012-05-12,70.0,16.0,21.0,164.0,17.0,164.0
2012-05-13,82.0,22.0,23.0,207.0,14.0,207.0
2012-05-14,57.0,20.0,19.0,144.0,13.0,144.0
2012-05-15,68.0,22.0,25.0,164.0,16.0,164.0
2012-05-16,77.0,19.0,19.0,196.0,13.0,196.0
2012-05-17,71.0,25.0,34.0,178.0,13.0,178.0
2012-05-18,58.0,17.0,18.0,165.0,14.0,165.0
2012-05-19,78.0,23.0,28.0,146.0,20.0,146.0
2012-05-20,60.0,17.0,14.0,213.0,9.0,213.0
2012-05-21,60.0,15.0,24.0,164.0,18.0,164.0
2012-05-22,60.0,14.0,23.0,165.0,17.0,165.0
2012-05-23,80.0,15.0,22.0,140.0,19.0,140.0
2012-05-24,64.0,16.0,13.0,89.0,14.0,89.0
2012-05-26,81.0,20.0,14.0,72.0,9.0,81.0
2012-05-28,73.0,18.0,15.0,164.0,13.0,164.0
2012-05-29,75.0,15.0,17.0,187.0,14.0,187.0
2012-06-01,77.0,19.0,49.0,107.0,26.0,107.0
2012-06-02,69.0,20.0,20.0,140.0,25.0,140.0
2012-06-03,72.0,22.0,21.0,129.0,15.0,129.0
2012-06-04,69.0,21.0,16.0,93.0,11.0,93.0
2012-06-05,60.0,14.0,16.0,169.0,10.0,169.0
2012-06-06,63.0,15.0,15.0,201.0,12.0,201.0
2012-06-07,58.0,16.0,16.0,137.0,11.0,137.0
2012-06-08,72.0,20.0,20.0,141.0,11.0,141.0
2012-06-09,66.0,22.0,22.0,215.0,18.0,215.0
2012-06-10,67.0,16.0,29.0,208.0,11.0,208.0
2012-06-11,75.0,17.0,26.0,204.0,17.0,204.0
2012-06-12,77.0,21.0,34.0,168.0,19.0,168.0
2012-06-13,67.0,19.0,17.0,138.0,12.0,138.0
2012-06-14,78.0,18.0,16.0,155.0,12.0,155.0
2012-06-15,67.0,15.0,18.0,216.0,15.0,216.0
2012-06-16,86.0,26.0,28.0,209.0,15.0,209.0
2012-06-17,47.0,9.0,11.0,93.0,16.0,93.0
2012-06-18,95.0,6.0,8.0,44.0,11.0,95.0
2012-06-19,92.0,6.0,9.0,44.0,10.0,92.0
2012-06-20,95.0,7.0,8.0,59.0,13.0,95.0
2012-06-21,120.0,5.0,9.0,77.0,20.0,120.0
2012-06-25,63.0,5.0,14.0,80.0,9.0,80.0
2012-06-26,72.0,6.0,7.0,72.0,12.0,72.0
2012-06-28,63.0,7.0,14.0,135.0,22.0,135.0
2012-06-29,63.0,7.0,16.0,115.0,16.0,115.0
2012-06-30,98.0,8.0,9.0,73.0,15.0,98.0
2012-07-01,88.0,7.0,9.0,74.0,13.0,88.0
2012-07-02,134.0,6.0,11.0,61.0,17.0,134.0
2012-07-03,106.0,7.0,8.0,72.0,13.0,106.0
2012-07-04,57.0,6.0,10.0,98.0,8.0,98.0
2012-07-05,86.0,8.0,5.0,71.0,12.0,86.0
2012-07-06,97.0,9.0,8.0,67.0,13.0,97.0
2012-07-07,127.0,10.0,9.0,90.0,16.0,127.0
2012-07-08,140.0,9.0,15.0,74.0,13.0,140.0
2012-07-09,59.0,5.0,12.0,125.0,15.0,125.0
2012-07-10,73.0,7.0,21.0,119.0,23.0,119.0
2012-07-11,105.0,9.0,8.0,88.0,13.0,105.0
2012-07-12,68.0,18.0,19.0,131.0,18.0,131.0
2012-07-13,106.0,10.0,6.0,130.0,18.0,130.0
2012-07-14,77.0,25.0,41.0,147.0,29.0,147.0
2012-07-15,145.0,10.0,11.0,74.0,14.0,145.0
2012-07-16,118.0,9.0,7.0,62.0,15.0,118.0
2012-07-17,62.0,16.0,18.0,126.0,17.0,126.0
2012-07-18,70.0,16.0,16.0,128.0,24.0,128.0
2012-07-19,65.0,6.0,33.0,113.0,16.0,113.0
2012-07-20,64.0,28.0,35.0,77.0,18.0,77.0
2012-07-21,52.0,6.0,10.0,113.0,8.0,113.0
2012-07-22,120.0,9.0,5.0,60.0,10.0,120.0
2012-07-23,106.0,10.0,6.0,151.0,14.0,151.0
2012-07-24,52.0,6.0,16.0,141.0,11.0,141.0
2012-07-25,78.0,18.0,21.0,290.0,21.0,290.0
2012-07-26,91.0,14.0,25.0,283.0,18.0,283.0
2012-07-27,89.0,20.0,28.0,276.0,16.0,276.0
2012-07-28,82.0,18.0,17.0,288.0,13.0,288.0
2012-07-29,68.0,16.0,14.0,234.0,12.0,234.0
2012-07-30,72.0,15.0,23.0,215.0,20.0,215.0
2012-07-31,68.0,13.0,21.0,221.0,19.0,221.0
2012-08-01,93.0,24.0,25.0,236.0,20.0,236.0
2012-08-02,72.0,16.0,21.0,244.0,18.0,244.0
2012-08-03,77.0,19.0,17.0,216.0,20.0,216.0
2012-08-05,139.0,10.0,9.0,62.0,13.0,139.0
2012-08-06,136.0,10.0,7.0,101.0,14.0,136.0
2012-08-07,30.0,8.0,19.0,146.0,8.0,146.0
2012-08-08,27.0,8.0,9.0,125.0,10.0,125.0
2012-08-09,171.0,11.0,7.0,54.0,12.0,171.0
2012-08-12,121.0,9.0,8.0,61.0,9.0,121.0
2012-08-13,132.0,9.0,6.0,95.0,14.0,132.0
2012-08-14,97.0,9.0,5.0,77.0,11.0,97.0
2012-08-15,94.0,10.0,6.0,68.0,12.0,94.0
2012-08-16,99.0,9.0,7.0,59.0,13.0,99.0
2012-08-17,98.0,9.0,8.0,75.0,11.0,98.0
2012-08-18,166.0,9.0,7.0,71.0,12.0,166.0
2012-08-19,109.0,9.0,8.0,57.0,10.0,109.0
2012-08-20,35.0,8.0,5.0,78.0,6.0,78.0
2012-08-21,39.0,8.0,25.0,78.0,11.0,78.0
2012-08-22,8.0,21.0,13.0,88.0,16.0,88.0
2012-08-23,33.0,9.0,11.0,125.0,7.0,125.0
2012-08-24,38.0,9.0,13.0,99.0,9.0,99.0
2012-08-25,35.0,9.0,6.0,104.0,10.0,104.0
2012-08-26,95.0,9.0,10.0,62.0,11.0,95.0
2012-08-27,78.0,10.0,10.0,94.0,9.0,94.0
2012-08-28,128.0,11.0,9.0,104.0,18.0,128.0
2012-08-29,24.0,8.0,13.0,103.0,9.0,103.0
2012-08-30,149.0,11.0,7.0,52.0,20.0,149.0
2012-08-31,106.0,10.0,7.0,76.0,14.0,106.0
2012-09-01,18.0,8.0,8.0,99.0,7.0,99.0
2012-09-02,128.0,13.0,9.0,82.0,20.0,128.0
2012-09-03,43.0,9.0,17.0,97.0,15.0,97.0
2012-09-04,45.0,10.0,11.0,89.0,9.0,89.0
2012-09-05,71.0,17.0,19.0,112.0,16.0,112.0
2012-09-06,84.0,22.0,25.0,124.0,16.0,124.0
2012-09-07,49.0,10.0,10.0,109.0,11.0,109.0
2012-09-08,74.0,25.0,27.0,58.0,19.0,74.0
2012-09-09,69.0,24.0,18.0,96.0,21.0,96.0
2012-09-10,45.0,9.0,23.0,122.0,13.0,122.0
2012-09-11,20.0,10.0,11.0,175.0,15.0,175.0
2012-09-12,29.0,10.0,10.0,167.0,9.0,167.0
2012-09-13,45.0,10.0,12.0,79.0,15.0,79.0
2012-09-14,29.0,10.0,7.0,144.0,7.0,144.0
2012-09-15,84.0,18.0,23.0,218.0,18.0,218.0
2012-09-16,73.0,15.0,16.0,219.0,11.0,219.0
2012-09-17,86.0,20.0,23.0,224.0,16.0,224.0
2012-09-18,70.0,14.0,22.0,244.0,16.0,244.0
2012-09-19,101.0,11.0,6.0,51.0,13.0,101.0
2012-09-20,56.0,15.0,12.0,216.0,12.0,216.0
2012-09-21,68.0,18.0,20.0,258.0,17.0,258.0
2012-09-22,95.0,21.0,45.0,193.0,19.0,193.0
2012-09-23,61.0,19.0,14.0,176.0,11.0,176.0
2012-09-24,62.0,18.0,15.0,245.0,14.0,245.0
2012-09-25,65.0,14.0,16.0,238.0,12.0,238.0
2012-09-26,74.0,19.0,18.0,221.0,16.0,221.0
2012-09-27,65.0,22.0,17.0,222.0,14.0,222.0
2012-09-28,71.0,19.0,17.0,146.0,15.0,146.0
2012-09-29,70.0,20.0,17.0,210.0,15.0,210.0
2012-09-30,67.0,18.0,17.0,215.0,15.0,215.0
2012-10-01,66.0,15.0,14.0,219.0,11.0,219.0
2012-10-02,54.0,13.0,10.0,295.0,10.0,295.0
2012-10-04,75.0,20.0,24.0,201.0,19.0,201.0
2012-10-05,59.0,15.0,23.0,238.0,15.0,238.0
2012-10-06,66.0,19.0,23.0,212.0,15.0,212.0
2012-10-07,58.0,20.0,16.0,210.0,15.0,210.0
2012-10-08,59.0,16.0,22.0,238.0,16.0,238.0
2012-10-09,78.0,23.0,29.0,205.0,19.0,205.0
2012-10-10,63.0,17.0,21.0,288.0,16.0,288.0
2012-10-11,65.0,16.0,19.0,261.0,16.0,261.0
2012-10-12,62.0,16.0,15.0,266.0,17.0,266.0
2012-10-13,84.0,23.0,21.0,129.0,15.0,129.0
2012-10-14,74.0,19.0,14.0,235.0,9.0,235.0
2012-10-15,73.0,20.0,19.0,228.0,17.0,228.0
2012-10-16,72.0,18.0,24.0,257.0,16.0,257.0
2012-10-17,72.0,19.0,18.0,275.0,15.0,275.0
2012-10-18,72.0,23.0,14.0,249.0,13.0,249.0
2012-10-20,81.0,20.0,42.0,264.0,22.0,264.0
2012-10-21,71.0,21.0,20.0,244.0,11.0,244.0
2012-10-22,53.0,15.0,20.0,254.0,12.0,254.0
2012-10-23,67.0,18.0,20.0,225.0,17.0,225.0
2012-10-24,88.0,26.0,19.0,157.0,18.0,157.0
2012-10-25,72.0,19.0,14.0,229.0,15.0,229.0
2012-10-26,70.0,18.0,33.0,247.0,17.0,247.0
2012-10-27,60.0,18.0,13.0,241.0,10.0,241.0
2012-10-28,66.0,20.0,30.0,243.0,13.0,243.0
2012-10-29,73.0,18.0,19.0,231.0,13.0,231.0
2012-10-30,61.0,19.0,24.0,268.0,14.0,268.0
2012-10-31,62.0,18.0,25.0,278.0,17.0,278.0
2012-11-01,65.0,22.0,23.0,276.0,23.0,276.0
2012-11-02,85.0,23.0,30.0,270.0,21.0,270.0
2012-11-03,70.0,15.0,27.0,282.0,19.0,282.0
2012-11-04,73.0,15.0,28.0,314.0,16.0,314.0
2012-11-05,79.0,23.0,38.0,297.0,27.0,297.0
2012-11-06,67.0,20.0,27.0,270.0,22.0,270.0
2012-11-07,80.0,23.0,31.0,243.0,26.0,243.0
2012-11-08,62.0,18.0,27.0,287.0,19.0,287.0
2012-11-09,53.0,16.0,19.0,264.0,13.0,264.0
2012-11-10,65.0,15.0,54.0,271.0,23.0,271.0
2012-11-11,59.0,19.0,17.0,267.0,15.0,267.0
2012-11-12,59.0,17.0,28.0,246.0,16.0,246.0
2012-11-13,62.0,15.0,24.0,270.0,17.0,270.0
2012-11-14,93.0,19.0,53.0,279.0,23.0,279.0
2012-11-15,69.0,18.0,40.0,261.0,17.0,261.0
2012-11-16,75.0,10.0,78.0,105.0,13.0,105.0
2012-11-17,79.0,26.0,28.0,266.0,20.0,266.0
2012-11-18,25.0,23.0,17.0,57.0,11.0,57.0
2012-11-19,51.0,19.0,27.0,221.0,22.0,221.0
2012-11-20,58.0,20.0,38.0,261.0,18.0,261.0
2012-11-21,75.0,24.0,28.0,154.0,22.0,154.0
2012-11-22,71.0,23.0,31.0,185.0,18.0,185.0
2012-11-23,69.0,20.0,25.0,203.0,16.0,203.0
2012-11-24,53.0,18.0,27.0,200.0,16.0,200.0
2012-11-25,62.0,22.0,24.0,238.0,18.0,238.0
2012-11-26,58.0,23.0,25.0,203.0,9.0,203.0
2012-11-27,74.0,20.0,36.0,215.0,12.0,215.0
2012-11-28,50.0,17.0,25.0,227.0,12.0,227.0
2012-11-29,69.0,23.0,24.0,218.0,22.0,218.0
2012-11-30,68.0,30.0,30.0,137.0,22.0,137.0
2012-12-01,58.0,10.0,23.0,106.0,18.0,106.0
2012-12-02,55.0,4.0,18.0,222.0,12.0,222.0
2012-12-03,36.0,4.0,18.0,212.0,14.0,212.0
2012-12-04,39.0,4.0,18.0,202.0,11.0,202.0
2012-12-05,48.0,0.0,18.0,197.0,7.0,197.0
2012-12-06,63.0,8.0,20.0,219.0,15.0,219.0
2012-12-07,71.0,13.0,58.0,221.0,11.0,221.0
2012-12-08,49.0,8.0,12.0,210.0,12.0,210.0
2012-12-09,50.0,7.0,34.0,228.0,14.0,228.0
2012-12-10,53.0,3.0,16.0,229.0,16.0,229.0
2012-12-12,70.0,16.0,23.0,163.0,16.0,163.0
2012-12-13,46.0,6.0,29.0,135.0,24.0,135.0
2012-12-14,53.0,7.0,22.0,223.0,23.0,223.0
2012-12-15,60.0,5.0,57.0,214.0,17.0,214.0
2012-12-16,53.0,8.0,17.0,215.0,18.0,215.0
2012-12-17,38.0,7.0,18.0,124.0,13.0,124.0
2012-12-18,45.0,8.0,24.0,107.0,17.0,107.0
2012-12-19,55.0,5.0,39.0,168.0,10.0,168.0
2012-12-20,66.0,12.0,19.0,155.0,12.0,155.0
2012-12-21,49.0,9.0,23.0,185.0,14.0,185.0
2012-12-22,35.0,2.0,39.0,217.0,11.0,217.0
2012-12-23,42.0,3.0,35.0,209.0,13.0,209.0
2012-12-24,34.0,9.0,18.0,178.0,8.0,178.0
2012-12-25,26.0,4.0,13.0,192.0,6.0,192.0
2012-12-26,23.0,2.0,14.0,205.0,16.0,205.0
2012-12-27,33.0,6.0,17.0,218.0,12.0,218.0
2012-12-28,30.0,3.0,15.0,210.0,8.0,210.0
2012-12-29,29.0,4.0,17.0,215.0,10.0,215.0
2012-12-30,30.0,4.0,17.0,215.0,10.0,215.0
2012-12-31,19.0,2.0,12.0,153.0,5.0,153.0
2013-01-01,45.0,3.0,27.0,135.0,10.0,135.0
2013-01-02,25.0,3.0,17.0,192.0,7.0,192.0
2013-01-03,36.0,5.0,19.0,195.0,9.0,195.0
2013-01-04,31.0,4.0,13.0,210.0,10.0,210.0
2013-01-05,23.0,5.0,14.0,111.0,8.0,111.0
2013-01-06,29.0,3.0,20.0,150.0,9.0,150.0
2013-01-07,28.0,4.0,14.0,170.0,11.0,170.0
2013-01-08,33.0,0.0,25.0,31.0,6.0,33.0
2013-01-09,17.0,2.0,18.0,92.0,7.0,92.0
2013-01-10,24.0,4.0,16.0,76.0,6.0,76.0
2013-01-12,35.0,7.0,16.0,140.0,6.0,140.0
2013-01-13,26.0,3.0,37.0,154.0,11.0,154.0
2013-01-14,31.0,4.0,23.0,171.0,13.0,171.0
2013-01-15,29.0,3.0,33.0,154.0,22.0,154.0
2013-01-16,40.0,6.0,37.0,159.0,20.0,159.0
2013-01-17,51.0,8.0,28.0,186.0,18.0,186.0
2013-01-18,48.0,3.0,37.0,202.0,27.0,202.0
2013-01-19,70.0,7.0,60.0,110.0,33.0,110.0
2013-01-20,29.0,3.0,17.0,152.0,11.0,152.0
2013-01-21,49.0,6.0,17.0,170.0,12.0,170.0
2013-01-22,37.0,5.0,16.0,195.0,14.0,195.0
2013-01-23,36.0,9.0,33.0,139.0,15.0,139.0
2013-01-24,32.0,5.0,18.0,135.0,9.0,135.0
2013-01-25,37.0,8.0,22.0,155.0,13.0,155.0
2013-01-26,50.0,9.0,38.0,144.0,13.0,144.0
2013-01-27,32.0,5.0,14.0,122.0,8.0,122.0
2013-01-28,35.0,5.0,15.0,195.0,8.0,195.0
2013-01-29,48.0,7.0,15.0,184.0,13.0,184.0
2013-01-30,29.0,5.0,13.0,151.0,11.0,151.0
2013-01-31,56.0,9.0,32.0,195.0,20.0,195.0
2013-02-01,66.0,19.0,27.0,158.0,16.0,158.0
2013-02-02,37.0,6.0,12.0,209.0,12.0,209.0
2013-02-03,69.0,21.0,57.0,135.0,15.0,135.0
2013-02-04,51.0,4.0,45.0,128.0,11.0,128.0
2013-02-05,20.0,1.0,21.0,158.0,10.0,158.0
2013-02-06,41.0,7.0,20.0,151.0,14.0,151.0
2013-02-07,56.0,9.0,47.0,213.0,19.0,213.0
2013-02-08,63.0,12.0,29.0,205.0,18.0,205.0
2013-02-09,57.0,7.0,17.0,180.0,30.0,180.0
2013-02-10,62.0,20.0,28.0,185.0,15.0,185.0
2013-02-11,69.0,21.0,25.0,164.0,21.0,164.0
2013-02-12,70.0,17.0,24.0,158.0,17.0,158.0
2013-02-13,49.0,10.0,22.0,213.0,19.0,213.0
2013-02-14,69.0,16.0,28.0,224.0,19.0,224.0
2013-02-15,52.0,11.0,28.0,196.0,17.0,196.0
2013-02-16,33.0,7.0,14.0,174.0,8.0,174.0
2013-02-17,28.0,5.0,17.0,134.0,9.0,134.0
2013-02-18,34.0,8.0,19.0,153.0,14.0,153.0
2013-02-19,33.0,7.0,17.0,104.0,14.0,104.0
2013-02-20,44.0,8.0,23.0,145.0,10.0,145.0
2013-02-21,34.0,7.0,21.0,152.0,12.0,152.0
2013-02-22,32.0,6.0,16.0,64.0,10.0,64.0
2013-02-23,31.0,5.0,14.0,168.0,10.0,168.0
2013-02-24,51.0,5.0,18.0,217.0,13.0,217.0
2013-02-25,42.0,6.0,15.0,134.0,14.0,134.0
2013-02-26,47.0,5.0,14.0,213.0,10.0,213.0
2013-02-27,43.0,5.0,16.0,230.0,13.0,230.0
2013-02-28,40.0,6.0,13.0,185.0,7.0,185.0
2013-03-01,37.0,8.0,13.0,125.0,14.0,125.0
2013-03-02,43.0,7.0,13.0,216.0,12.0,216.0
2013-03-03,44.0,7.0,15.0,217.0,14.0,217.0
2013-03-04,29.0,5.0,14.0,217.0,12.0,217.0
2013-03-05,31.0,5.0,17.0,132.0,16.0,132.0
2013-03-06,103.0,5.0,80.0,57.0,31.0,103.0
2013-03-07,79.0,20.0,51.0,166.0,25.0,166.0
2013-03-08,53.0,12.0,17.0,183.0,13.0,183.0
2013-03-09,43.0,12.0,22.0,213.0,12.0,213.0
2013-03-10,37.0,7.0,14.0,170.0,8.0,170.0
2013-03-11,42.0,7.0,20.0,172.0,16.0,172.0
2013-03-12,75.0,32.0,24.0,187.0,37.0,187.0
2013-03-13,55.0,9.0,25.0,204.0,16.0,204.0
2013-03-14,64.0,25.0,17.0,207.0,19.0,207.0
2013-03-15,70.0,15.0,36.0,205.0,19.0,205.0
2013-03-16,55.0,13.0,26.0,210.0,18.0,210.0
2013-03-17,58.0,12.0,28.0,212.0,13.0,212.0
2013-03-18,51.0,11.0,18.0,176.0,15.0,176.0
2013-03-19,69.0,36.0,19.0,206.0,14.0,206.0
2013-03-20,63.0,14.0,19.0,217.0,12.0,217.0
2013-03-21,62.0,12.0,24.0,178.0,14.0,178.0
2013-03-22,66.0,13.0,27.0,204.0,15.0,204.0
2013-03-23,70.0,19.0,20.0,168.0,11.0,168.0
2013-03-24,51.0,15.0,26.0,198.0,18.0,198.0
2013-03-25,59.0,15.0,16.0,197.0,15.0,197.0
2013-03-26,67.0,19.0,22.0,198.0,16.0,198.0
2013-03-27,64.0,16.0,19.0,187.0,13.0,187.0
2013-03-28,90.0,4.0,36.0,213.0,12.0,213.0
2013-03-29,67.0,13.0,37.0,276.0,19.0,276.0
2013-03-30,59.0,18.0,21.0,263.0,18.0,263.0
2013-03-31,48.0,10.0,18.0,267.0,8.0,267.0
2013-04-01,54.0,14.0,27.0,268.0,14.0,268.0
2013-04-02,41.0,2.0,25.0,92.0,12.0,92.0
2013-04-03,61.0,2.0,28.0,151.0,16.0,151.0
2013-04-04,65.0,2.0,29.0,144.0,11.0,144.0
2013-04-05,49.0,1.0,38.0,66.0,11.0,66.0
2013-04-06,43.0,1.0,16.0,132.0,10.0,132.0
2013-04-07,70.0,9.0,19.0,62.0,15.0,70.0
2013-04-08,49.0,3.0,26.0,167.0,12.0,167.0
2013-04-09,55.0,4.0,20.0,167.0,10.0,167.0
2013-04-10,37.0,3.0,18.0,99.0,7.0,99.0
2013-04-11,66.0,2.0,29.0,93.0,11.0,93.0
2013-04-12,63.0,1.0,21.0,54.0,10.0,63.0
2013-04-13,58.0,8.0,15.0,34.0,16.0,58.0
2013-04-14,114.0,6.0,13.0,38.0,15.0,114.0
2013-04-15,107.0,6.0,19.0,51.0,10.0,107.0
2013-04-16,61.0,2.0,21.0,90.0,13.0,90.0
2013-04-17,26.0,3.0,19.0,125.0,8.0,125.0
2013-04-18,49.0,1.0,31.0,121.0,22.0,121.0
2013-04-19,52.0,4.0,41.0,133.0,13.0,133.0
2013-04-20,67.0,5.0,34.0,128.0,16.0,128.0
2013-04-21,75.0,2.0,26.0,120.0,9.0,120.0
2013-04-22,53.0,1.0,28.0,71.0,7.0,71.0
2013-04-23,73.0,2.0,53.0,77.0,20.0,77.0
2013-04-24,71.0,6.0,33.0,65.0,16.0,71.0
2013-04-25,79.0,3.0,43.0,140.0,13.0,140.0
2013-04-26,77.0,2.0,34.0,99.0,14.0,99.0
2013-04-27,68.0,2.0,26.0,75.0,10.0,75.0
2013-04-28,72.0,2.0,21.0,60.0,9.0,72.0
2013-04-29,67.0,2.0,15.0,60.0,7.0,67.0
2013-04-30,71.0,3.0,13.0,68.0,9.0,71.0
2013-05-01,71.0,2.0,17.0,74.0,11.0,74.0
2013-05-03,39.0,5.0,10.0,72.0,10.0,72.0
2013-05-04,45.0,5.0,12.0,94.0,9.0,94.0
2013-05-05,76.0,2.0,20.0,68.0,11.0,76.0
2013-05-06,89.0,2.0,30.0,113.0,13.0,113.0
2013-05-07,89.0,2.0,32.0,79.0,11.0,89.0
2013-05-08,52.0,2.0,21.0,71.0,15.0,71.0
2013-05-09,66.0,3.0,17.0,77.0,10.0,77.0
2013-05-10,67.0,4.0,15.0,117.0,13.0,117.0
2013-05-11,28.0,4.0,12.0,110.0,8.0,110.0
2013-05-12,57.0,3.0,20.0,110.0,15.0,110.0
2013-05-13,69.0,2.0,24.0,47.0,14.0,69.0
2013-05-16,69.0,3.0,35.0,64.0,14.0,69.0
2013-05-20,49.0,4.0,20.0,154.0,13.0,154.0
2013-05-21,76.0,7.0,31.0,127.0,16.0,127.0
2013-05-22,88.0,4.0,62.0,55.0,14.0,88.0
2013-05-23,60.0,5.0,35.0,149.0,13.0,149.0
2013-05-24,61.0,6.0,21.0,119.0,13.0,119.0
2013-05-26,63.0,1.0,20.0,103.0,15.0,103.0
2013-05-27,50.0,4.0,19.0,90.0,10.0,90.0
2013-05-28,47.0,23.0,18.0,78.0,25.0,78.0
2013-05-29,79.0,2.0,63.0,120.0,14.0,120.0
2013-05-30,59.0,1.0,20.0,75.0,11.0,75.0
2013-05-31,37.0,1.0,20.0,60.0,8.0,60.0
2013-06-01,43.0,1.0,14.0,81.0,7.0,81.0
2013-06-02,67.0,2.0,42.0,69.0,14.0,69.0
2013-06-03,64.0,2.0,20.0,60.0,11.0,64.0
2013-06-04,56.0,1.0,20.0,45.0,8.0,56.0
2013-06-05,62.0,2.0,24.0,95.0,16.0,95.0
2013-06-06,53.0,1.0,13.0,48.0,5.0,53.0
2013-06-07,76.0,3.0,30.0,149.0,15.0,149.0
2013-06-08,111.0,2.0,46.0,129.0,15.0,129.0
2013-06-09,68.0,33.0,30.0,153.0,21.0,153.0
2013-06-10,21.0,4.0,28.0,113.0,8.0,113.0
2013-06-11,59.0,2.0,19.0,116.0,12.0,116.0
2013-06-12,37.0,1.0,18.0,55.0,10.0,55.0
2013-06-13,61.0,1.0,17.0,72.0,13.0,72.0
2013-06-14,56.0,7.0,29.0,71.0,11.0,71.0
2013-06-15,67.0,2.0,18.0,74.0,11.0,74.0
2013-06-16,85.0,4.0,40.0,151.0,13.0,151.0
2013-06-17,43.0,4.0,44.0,124.0,12.0,124.0
2013-06-18,78.0,1.0,46.0,65.0,12.0,78.0
2013-06-19,64.0,3.0,29.0,60.0,8.0,64.0
2013-06-20,64.0,21.0,25.0,74.0,17.0,74.0
2013-06-21,99.0,2.0,62.0,90.0,13.0,99.0
2013-06-22,92.0,2.0,40.0,82.0,10.0,92.0
2013-06-23,74.0,1.0,21.0,97.0,7.0,97.0
2013-06-24,63.0,34.0,20.0,114.0,13.0,114.0
2013-06-25,87.0,3.0,18.0,140.0,15.0,140.0
2013-06-26,93.0,3.0,19.0,101.0,26.0,101.0
2013-06-27,71.0,2.0,20.0,89.0,14.0,89.0
2013-06-28,54.0,5.0,12.0,68.0,12.0,68.0
2013-06-29,87.0,7.0,50.0,63.0,13.0,87.0
2013-06-30,73.0,2.0,35.0,69.0,13.0,73.0
2013-07-01,63.0,2.0,17.0,71.0,10.0,71.0
2013-07-02,82.0,3.0,27.0,76.0,11.0,82.0
2013-07-03,24.0,5.0,31.0,134.0,14.0,134.0
2013-07-04,58.0,29.0,35.0,24.0,21.0,58.0
2013-07-05,54.0,2.0,28.0,64.0,12.0,64.0
2013-07-06,58.0,8.0,46.0,37.0,15.0,58.0
2013-07-07,83.0,2.0,53.0,65.0,12.0,83.0
2013-07-08,100.0,4.0,37.0,109.0,12.0,109.0
2013-07-09,66.0,20.0,23.0,121.0,13.0,121.0
2013-07-10,52.0,1.0,18.0,104.0,15.0,104.0
2013-07-11,34.0,6.0,32.0,118.0,9.0,118.0
2013-07-12,53.0,2.0,28.0,88.0,13.0,88.0
2013-07-13,57.0,1.0,29.0,83.0,11.0,83.0
2013-07-14,30.0,13.0,16.0,74.0,15.0,74.0
2013-07-15,61.0,2.0,23.0,76.0,13.0,76.0
2013-07-16,77.0,31.0,34.0,45.0,17.0,77.0
2013-07-17,70.0,2.0,27.0,117.0,11.0,117.0
2013-07-19,60.0,7.0,18.0,99.0,14.0,99.0
2013-07-20,70.0,4.0,26.0,129.0,13.0,129.0
2013-07-21,68.0,25.0,22.0,105.0,17.0,105.0
2013-07-22,62.0,6.0,32.0,112.0,15.0,112.0
2013-07-23,81.0,7.0,46.0,93.0,23.0,93.0
2013-07-24,64.0,30.0,17.0,46.0,15.0,64.0
2013-07-25,65.0,3.0,25.0,56.0,11.0,65.0
2013-07-26,57.0,4.0,11.0,46.0,7.0,57.0
2013-07-27,72.0,4.0,16.0,91.0,10.0,91.0
2013-07-28,78.0,3.0,41.0,78.0,14.0,78.0
2013-07-29,80.0,4.0,24.0,115.0,12.0,115.0
2013-07-30,43.0,6.0,24.0,85.0,11.0,85.0
2013-07-31,75.0,4.0,18.0,88.0,8.0,88.0
2013-08-01,42.0,10.0,27.0,104.0,9.0,104.0
2013-08-02,25.0,9.0,37.0,75.0,12.0,75.0
2013-08-03,68.0,7.0,10.0,72.0,10.0,72.0
2013-08-04,26.0,6.0,38.0,75.0,12.0,75.0
2013-08-05,66.0,6.0,8.0,87.0,9.0,87.0
2013-08-06,86.0,7.0,12.0,122.0,13.0,122.0
2013-08-07,61.0,5.0,7.0,86.0,7.0,86.0
2013-08-08,64.0,2.0,39.0,94.0,10.0,94.0
2013-08-09,51.0,1.0,14.0,87.0,9.0,87.0
2013-08-10,66.0,4.0,27.0,117.0,9.0,117.0
2013-08-11,59.0,4.0,23.0,92.0,15.0,92.0
2013-08-12,20.0,5.0,17.0,110.0,15.0,110.0
2013-08-13,22.0,5.0,39.0,119.0,10.0,119.0
2013-08-14,28.0,7.0,19.0,115.0,7.0,115.0
2013-08-15,72.0,3.0,17.0,52.0,11.0,72.0
2013-08-16,57.0,9.0,23.0,68.0,10.0,68.0
2013-08-17,68.0,2.0,18.0,59.0,7.0,68.0
2013-08-18,54.0,2.0,14.0,79.0,10.0,79.0
2013-08-19,60.0,5.0,20.0,71.0,13.0,71.0
2013-08-20,23.0,7.0,23.0,110.0,8.0,110.0
2013-08-21,17.0,8.0,24.0,107.0,8.0,107.0
2013-08-22,67.0,26.0,15.0,85.0,14.0,85.0
2013-08-23,82.0,10.0,8.0,113.0,15.0,113.0
2013-08-24,74.0,8.0,8.0,88.0,13.0,88.0
2013-08-25,63.0,9.0,5.0,75.0,10.0,75.0
2013-08-26,78.0,5.0,16.0,59.0,13.0,78.0
2013-08-27,66.0,8.0,6.0,85.0,10.0,85.0
2013-08-28,74.0,3.0,14.0,124.0,8.0,124.0
2013-08-29,74.0,3.0,12.0,58.0,8.0,74.0
2013-08-30,91.0,3.0,18.0,56.0,9.0,91.0
2013-08-31,14.0,6.0,27.0,81.0,9.0,81.0
2013-09-01,74.0,2.0,16.0,57.0,7.0,74.0
2013-09-02,28.0,6.0,30.0,109.0,8.0,109.0
2013-09-03,75.0,8.0,10.0,125.0,10.0,125.0
2013-09-04,53.0,19.0,15.0,98.0,13.0,98.0
2013-09-05,70.0,7.0,10.0,139.0,12.0,139.0
2013-09-06,61.0,2.0,13.0,123.0,12.0,123.0
2013-09-07,68.0,3.0,20.0,78.0,13.0,78.0
2013-09-08,18.0,7.0,22.0,92.0,7.0,92.0
2013-09-09,20.0,8.0,27.0,90.0,10.0,90.0
2013-09-10,21.0,8.0,42.0,98.0,10.0,98.0
2013-09-11,22.0,9.0,30.0,105.0,18.0,105.0
2013-09-12,76.0,5.0,13.0,65.0,12.0,76.0
2013-09-13,19.0,7.0,31.0,114.0,9.0,114.0
2013-09-14,71.0,3.0,14.0,113.0,10.0,113.0
2013-09-15,20.0,6.0,35.0,98.0,8.0,98.0
2013-09-16,52.0,7.0,7.0,63.0,12.0,63.0
2013-09-17,68.0,7.0,9.0,138.0,10.0,138.0
2013-09-18,67.0,4.0,16.0,110.0,11.0,110.0
2013-09-19,69.0,10.0,8.0,91.0,10.0,91.0
2013-09-20,18.0,7.0,20.0,84.0,11.0,84.0
2013-09-21,62.0,6.0,6.0,134.0,9.0,134.0
2013-09-22,20.0,7.0,19.0,107.0,6.0,107.0
2013-09-23,61.0,7.0,6.0,128.0,9.0,128.0
2013-09-24,60.0,8.0,5.0,79.0,8.0,79.0
2013-09-25,76.0,7.0,7.0,117.0,11.0,117.0
2013-09-26,67.0,4.0,17.0,100.0,16.0,100.0
2013-09-27,62.0,4.0,13.0,118.0,17.0,118.0
2013-09-28,46.0,8.0,18.0,91.0,5.0,91.0
2013-09-29,77.0,10.0,15.0,88.0,12.0,88.0
2013-09-30,73.0,7.0,8.0,54.0,9.0,73.0
2013-10-01,101.0,8.0,21.0,79.0,23.0,101.0
2013-10-02,82.0,10.0,10.0,110.0,13.0,110.0
2013-10-03,41.0,19.0,32.0,110.0,6.0,110.0
2013-10-04,85.0,4.0,16.0,134.0,10.0,134.0
2013-10-05,68.0,28.0,16.0,107.0,17.0,107.0
2013-10-06,69.0,7.0,6.0,134.0,7.0,134.0
2013-10-08,90.0,9.0,11.0,88.0,21.0,90.0
2013-10-09,70.0,8.0,9.0,117.0,12.0,117.0
2013-10-10,43.0,8.0,22.0,93.0,13.0,93.0
2013-10-11,51.0,9.0,38.0,107.0,15.0,107.0
2013-10-12,36.0,8.0,19.0,121.0,8.0,121.0
2013-10-13,67.0,4.0,11.0,119.0,8.0,119.0
2013-10-14,65.0,3.0,36.0,120.0,9.0,120.0
2013-10-15,31.0,8.0,24.0,80.0,10.0,80.0
2013-10-16,30.0,8.0,24.0,80.0,9.0,80.0
2013-10-17,72.0,4.0,11.0,45.0,8.0,72.0
2013-10-18,73.0,4.0,8.0,83.0,8.0,83.0
2013-10-19,37.0,8.0,47.0,139.0,8.0,139.0
2013-10-20,56.0,11.0,5.0,91.0,12.0,91.0
2013-10-21,60.0,34.0,20.0,105.0,15.0,105.0
2013-10-22,39.0,8.0,30.0,89.0,7.0,89.0
2013-10-23,62.0,8.0,10.0,91.0,16.0,91.0
2013-10-24,28.0,7.0,37.0,103.0,11.0,103.0
2013-10-25,70.0,3.0,19.0,159.0,14.0,159.0
2013-10-26,69.0,7.0,10.0,110.0,11.0,110.0
2013-10-27,75.0,45.0,30.0,85.0,18.0,85.0
2013-10-30,54.0,3.0,26.0,95.0,12.0,95.0
2013-11-02,64.0,8.0,10.0,97.0,11.0,97.0
2013-11-03,70.0,8.0,12.0,98.0,12.0,98.0
2013-11-04,56.0,25.0,18.0,123.0,16.0,123.0
2013-11-05,58.0,23.0,17.0,118.0,14.0,118.0
2013-11-06,77.0,4.0,37.0,159.0,14.0,159.0
2013-11-07,80.0,4.0,25.0,152.0,13.0,152.0
2013-11-08,58.0,3.0,10.0,132.0,12.0,132.0
2013-11-09,47.0,2.0,29.0,101.0,12.0,101.0
2013-11-10,59.0,30.0,25.0,131.0,16.0,131.0
2013-11-11,56.0,3.0,20.0,157.0,10.0,157.0
2013-11-12,76.0,10.0,13.0,87.0,15.0,87.0
2013-11-13,55.0,7.0,8.0,140.0,10.0,140.0
2013-11-14,23.0,8.0,49.0,121.0,10.0,121.0
2013-11-15,53.0,28.0,28.0,104.0,26.0,104.0
2013-11-16,41.0,4.0,8.0,97.0,8.0,97.0
2013-11-17,41.0,3.0,16.0,111.0,8.0,111.0
2013-11-19,40.0,23.0,19.0,59.0,9.0,59.0
2013-11-20,50.0,3.0,11.0,25.0,6.0,50.0
2013-11-21,35.0,22.0,17.0,58.0,14.0,58.0
2013-11-22,52.0,30.0,20.0,128.0,21.0,128.0
2013-11-26,66.0,9.0,7.0,34.0,16.0,66.0
2013-11-27,54.0,35.0,20.0,112.0,28.0,112.0
2013-11-28,60.0,4.0,11.0,127.0,8.0,127.0
2013-12-05,53.0,9.0,9.0,133.0,13.0,133.0
2013-12-09,55.0,4.0,28.0,88.0,12.0,88.0
2013-12-10,45.0,8.0,12.0,142.0,3.0,142.0
2013-12-11,57.0,5.0,16.0,96.0,11.0,96.0
2013-12-12,40.0,19.0,22.0,53.0,20.0,53.0
2013-12-16,41.0,6.0,21.0,141.0,18.0,141.0
2013-12-20,52.0,6.0,22.0,79.0,8.0,79.0
2013-12-22,26.0,6.0,12.0,54.0,3.0,54.0
2013-12-23,27.0,7.0,15.0,53.0,3.0,53.0
2013-12-25,57.0,9.0,32.0,63.0,12.0,63.0
2013-12-27,72.0,8.0,49.0,71.0,12.0,72.0
2013-12-29,53.0,8.0,17.0,63.0,6.0,63.0
2013-12-30,35.0,10.0,9.0,67.0,4.0,67.0
2014-01-01,77.0,3.0,39.0,54.0,13.0,77.0
2014-01-02,37.0,7.0,29.0,74.0,7.0,74.0
2014-01-03,55.0,8.0,34.0,97.0,8.0,97.0
2014-01-05,39.0,4.0,18.0,48.0,10.0,48.0
2014-01-06,27.0,2.0,18.0,45.0,6.0,45.0
2014-01-07,40.0,5.0,27.0,52.0,13.0,52.0
2014-01-08,51.0,6.0,20.0,65.0,6.0,65.0
2014-01-09,39.0,6.0,54.0,43.0,6.0,54.0
2014-01-10,29.0,1.0,15.0,95.0,15.0,95.0
2014-01-11,56.0,6.0,23.0,96.0,6.0,96.0
2014-01-12,44.0,1.0,25.0,71.0,13.0,71.0
2014-01-13,20.0,6.0,18.0,70.0,8.0,70.0
2014-01-14,34.0,9.0,19.0,72.0,6.0,72.0
2014-01-15,46.0,3.0,29.0,54.0,10.0,54.0
2014-01-16,50.0,4.0,39.0,46.0,14.0,50.0
2014-01-17,30.0,5.0,20.0,61.0,9.0,61.0
2014-01-18,39.0,1.0,25.0,55.0,15.0,55.0
2014-01-20,54.0,2.0,23.0,53.0,13.0,54.0
2014-01-21,19.0,5.0,12.0,54.0,6.0,54.0
2014-01-22,59.0,7.0,29.0,51.0,15.0,59.0
2014-01-23,48.0,2.0,26.0,53.0,15.0,53.0
2014-01-24,59.0,4.0,41.0,50.0,17.0,59.0
2014-01-25,26.0,6.0,14.0,56.0,7.0,56.0
2014-01-26,67.0,3.0,43.0,36.0,10.0,67.0
2014-01-27,65.0,2.0,29.0,51.0,13.0,65.0
2014-01-28,19.0,5.0,19.0,53.0,9.0,53.0
2014-01-29,19.0,5.0,20.0,51.0,9.0,51.0
2014-01-30,54.0,2.0,25.0,35.0,9.0,54.0
2014-01-31,56.0,1.0,23.0,43.0,9.0,56.0
2014-02-01,61.0,1.0,22.0,47.0,9.0,61.0
2014-02-02,32.0,1.0,7.0,50.0,9.0,50.0
2014-02-05,53.0,6.0,44.0,85.0,11.0,85.0
2014-02-06,51.0,5.0,40.0,83.0,9.0,83.0
2014-02-07,46.0,6.0,37.0,66.0,8.0,66.0
2014-02-08,37.0,4.0,11.0,60.0,6.0,60.0
2014-02-10,39.0,6.0,24.0,80.0,17.0,80.0
2014-02-11,55.0,6.0,27.0,75.0,16.0,75.0
2014-02-12,63.0,6.0,30.0,77.0,12.0,77.0
2014-02-13,38.0,8.0,40.0,79.0,12.0,79.0
2014-02-14,51.0,3.0,13.0,63.0,17.0,63.0
2014-02-15,78.0,3.0,37.0,40.0,12.0,78.0
2014-02-16,82.0,7.0,43.0,45.0,10.0,82.0
2014-02-17,113.0,4.0,61.0,66.0,20.0,113.0
2014-02-18,76.0,4.0,35.0,61.0,12.0,76.0
2014-02-19,75.0,7.0,37.0,48.0,16.0,75.0
2014-02-20,91.0,4.0,36.0,75.0,11.0,91.0
2014-02-21,52.0,3.0,13.0,73.0,7.0,73.0
2014-02-22,38.0,7.0,18.0,52.0,6.0,52.0
2014-02-23,27.0,6.0,42.0,54.0,10.0,54.0
2014-02-25,54.0,5.0,43.0,53.0,25.0,54.0
2014-02-26,52.0,8.0,23.0,58.0,18.0,58.0
2014-02-27,65.0,2.0,47.0,83.0,15.0,83.0
2014-02-28,105.0,4.0,119.0,86.0,24.0,119.0
2014-03-01,40.0,9.0,31.0,91.0,7.0,91.0
2014-03-02,52.0,7.0,11.0,92.0,10.0,92.0
2014-03-03,25.0,9.0,25.0,144.0,6.0,144.0
2014-03-04,26.0,10.0,26.0,156.0,9.0,156.0
2014-03-05,63.0,8.0,9.0,98.0,15.0,98.0
2014-03-06,105.0,6.0,54.0,190.0,19.0,190.0
2014-03-07,77.0,14.0,27.0,101.0,24.0,101.0
2014-03-08,33.0,9.0,25.0,85.0,9.0,85.0
2014-03-09,89.0,4.0,39.0,65.0,8.0,89.0
2014-03-10,82.0,3.0,24.0,76.0,10.0,82.0
2014-03-11,95.0,7.0,14.0,59.0,17.0,95.0
2014-03-12,69.0,2.0,59.0,66.0,9.0,69.0
2014-03-13,89.0,8.0,11.0,96.0,24.0,96.0
2014-03-14,26.0,8.0,34.0,99.0,11.0,99.0
2014-03-15,37.0,8.0,51.0,138.0,12.0,138.0
2014-03-16,97.0,8.0,16.0,76.0,13.0,97.0
2014-03-17,77.0,7.0,20.0,146.0,17.0,146.0
2014-03-18,68.0,8.0,14.0,126.0,19.0,126.0
2014-03-19,76.0,6.0,30.0,98.0,17.0,98.0
2014-03-20,86.0,5.0,37.0,195.0,17.0,195.0
2014-03-21,64.0,6.0,18.0,88.0,7.0,88.0
2014-03-22,64.0,4.0,20.0,54.0,9.0,64.0
2014-03-23,49.0,7.0,13.0,71.0,8.0,71.0
2014-03-24,83.0,4.0,50.0,75.0,12.0,83.0
2014-03-25,62.0,3.0,21.0,63.0,9.0,63.0
2014-03-26,54.0,3.0,17.0,83.0,10.0,83.0
2014-03-27,55.0,11.0,54.0,114.0,12.0,114.0
2014-03-28,62.0,8.0,32.0,163.0,23.0,163.0
2014-03-29,66.0,5.0,23.0,118.0,13.0,118.0
2014-03-30,66.0,3.0,21.0,91.0,9.0,91.0
2014-03-31,71.0,5.0,29.0,89.0,8.0,89.0
2014-04-01,81.0,5.0,30.0,111.0,13.0,111.0
2014-04-05,83.0,6.0,52.0,162.0,12.0,162.0
2014-04-06,53.0,4.0,14.0,94.0,9.0,94.0
2014-04-07,46.0,3.0,12.0,119.0,9.0,119.0
2014-04-08,58.0,5.0,24.0,93.0,9.0,93.0
2014-04-09,43.0,4.0,9.0,78.0,4.0,78.0
2014-04-10,51.0,3.0,10.0,57.0,3.0,57.0
2014-04-11,62.0,5.0,17.0,78.0,7.0,78.0
2014-04-12,68.0,5.0,26.0,94.0,18.0,94.0
2014-04-13,59.0,3.0,13.0,88.0,9.0,88.0
2014-04-14,51.0,4.0,17.0,87.0,6.0,87.0
2014-04-15,49.0,4.0,20.0,99.0,7.0,99.0
2014-04-16,48.0,3.0,10.0,98.0,4.0,98.0
2014-04-17,68.0,9.0,35.0,164.0,26.0,164.0
2014-04-18,66.0,6.0,46.0,158.0,15.0,158.0
2014-04-19,55.0,4.0,38.0,106.0,14.0,106.0
2014-04-20,51.0,3.0,26.0,76.0,13.0,76.0
2014-04-21,57.0,4.0,18.0,94.0,11.0,94.0
2014-04-22,42.0,8.0,15.0,78.0,9.0,78.0
2014-04-23,64.0,4.0,40.0,180.0,12.0,180.0
2014-04-24,54.0,4.0,21.0,123.0,6.0,123.0
2014-04-25,46.0,8.0,14.0,69.0,20.0,69.0
2014-04-26,45.0,5.0,13.0,163.0,11.0,163.0
2014-04-27,44.0,3.0,14.0,162.0,6.0,162.0
2014-04-28,55.0,4.0,20.0,178.0,12.0,178.0
2014-04-29,54.0,5.0,23.0,165.0,13.0,165.0
2014-04-30,18.0,11.0,23.0,119.0,12.0,119.0
2014-05-01,68.0,5.0,28.0,94.0,13.0,94.0
2014-05-02,88.0,5.0,39.0,131.0,14.0,131.0
2014-05-03,85.0,4.0,97.0,144.0,16.0,144.0
2014-05-08,62.0,4.0,34.0,129.0,14.0,129.0
2014-05-09,55.0,4.0,26.0,200.0,12.0,200.0
2014-05-10,70.0,5.0,24.0,165.0,11.0,165.0
2014-05-11,67.0,4.0,23.0,169.0,11.0,169.0
2014-05-12,70.0,4.0,37.0,144.0,17.0,144.0
2014-05-15,62.0,6.0,21.0,139.0,9.0,139.0
2014-05-16,69.0,4.0,37.0,75.0,10.0,75.0
2014-05-17,52.0,4.0,22.0,106.0,13.0,106.0
2014-05-18,60.0,6.0,27.0,190.0,9.0,190.0
2014-05-19,74.0,5.0,30.0,121.0,11.0,121.0
2014-05-20,58.0,7.0,34.0,133.0,20.0,133.0
2014-05-21,75.0,6.0,31.0,153.0,13.0,153.0
2014-05-22,59.0,6.0,18.0,108.0,13.0,108.0
2014-05-23,57.0,5.0,28.0,93.0,15.0,93.0
2014-05-24,77.0,6.0,41.0,104.0,20.0,104.0
2014-05-25,78.0,6.0,41.0,109.0,12.0,109.0
2014-05-26,57.0,6.0,26.0,114.0,14.0,114.0
2014-05-27,77.0,5.0,45.0,211.0,11.0,211.0
2014-05-30,67.0,8.0,25.0,99.0,12.0,99.0
2014-05-31,59.0,4.0,25.0,100.0,12.0,100.0
2014-06-01,80.0,6.0,35.0,136.0,13.0,136.0
2014-06-02,76.0,10.0,21.0,65.0,13.0,76.0
2014-06-03,86.0,9.0,18.0,51.0,12.0,86.0
2014-06-04,89.0,9.0,22.0,76.0,19.0,89.0
2014-06-05,88.0,7.0,25.0,135.0,11.0,135.0
2014-06-06,82.0,6.0,29.0,94.0,14.0,94.0
2014-06-07,111.0,11.0,21.0,56.0,12.0,111.0
2014-06-08,92.0,12.0,26.0,236.0,11.0,236.0
2014-06-09,87.0,9.0,18.0,64.0,10.0,87.0
2014-06-10,67.0,6.0,27.0,97.0,13.0,97.0
2014-06-11,48.0,11.0,26.0,129.0,10.0,129.0
2014-06-13,52.0,5.0,25.0,205.0,17.0,205.0
2014-06-15,53.0,8.0,25.0,65.0,12.0,65.0
2014-06-16,19.0,12.0,23.0,86.0,12.0,86.0
2014-06-17,53.0,7.0,24.0,117.0,14.0,117.0
2014-06-18,66.0,6.0,34.0,87.0,16.0,87.0
2014-06-19,56.0,15.0,16.0,77.0,24.0,77.0
2014-06-20,69.0,17.0,25.0,68.0,17.0,69.0
2014-06-21,71.0,9.0,14.0,43.0,9.0,71.0
2014-06-22,72.0,16.0,41.0,112.0,21.0,112.0
2014-06-23,65.0,12.0,25.0,92.0,17.0,92.0
2014-06-24,59.0,13.0,17.0,70.0,12.0,70.0
2014-06-25,79.0,10.0,30.0,61.0,8.0,79.0
2014-06-26,51.0,6.0,34.0,67.0,19.0,67.0
2014-06-28,64.0,10.0,20.0,92.0,13.0,92.0
2014-06-29,90.0,15.0,17.0,88.0,13.0,90.0
2014-07-01,77.0,13.0,14.0,95.0,13.0,95.0
2014-07-02,75.0,13.0,12.0,61.0,10.0,75.0
2014-07-05,24.0,11.0,16.0,70.0,7.0,70.0
2014-07-06,56.0,5.0,17.0,61.0,11.0,61.0
2014-07-07,51.0,7.0,20.0,80.0,12.0,80.0
2014-07-10,50.0,5.0,14.0,91.0,7.0,91.0
2014-07-11,58.0,12.0,8.0,35.0,10.0,58.0
2014-07-16,16.0,12.0,19.0,94.0,8.0,94.0
2014-07-17,58.0,6.0,32.0,89.0,17.0,89.0
2014-07-18,13.0,13.0,27.0,76.0,10.0,76.0
2014-07-20,12.0,12.0,16.0,65.0,6.0,65.0
2014-07-21,12.0,12.0,17.0,87.0,4.0,87.0
2014-07-22,60.0,18.0,19.0,104.0,15.0,104.0
2014-07-23,44.0,11.0,8.0,91.0,11.0,91.0
2014-07-24,60.0,16.0,25.0,70.0,19.0,70.0
2014-07-25,67.0,13.0,34.0,68.0,16.0,68.0
2014-07-26,51.0,11.0,20.0,63.0,14.0,63.0
2014-07-27,33.0,5.0,26.0,60.0,11.0,60.0
2014-07-28,59.0,4.0,33.0,90.0,11.0,90.0
2014-07-29,14.0,12.0,13.0,87.0,9.0,87.0
2014-07-30,14.0,12.0,19.0,54.0,6.0,54.0
2014-07-31,51.0,16.0,8.0,84.0,9.0,84.0
2014-08-01,54.0,12.0,9.0,80.0,8.0,80.0
2014-08-02,17.0,13.0,11.0,74.0,4.0,74.0
2014-08-03,15.0,13.0,22.0,77.0,7.0,77.0
2014-08-04,17.0,12.0,19.0,65.0,7.0,65.0
2014-08-05,57.0,14.0,11.0,61.0,11.0,61.0
2014-08-06,57.0,31.0,9.0,51.0,7.0,57.0
2014-08-08,25.0,14.0,22.0,74.0,7.0,74.0
2014-08-09,15.0,14.0,14.0,93.0,5.0,93.0
2014-08-10,25.0,15.0,17.0,88.0,8.0,88.0
2014-08-11,66.0,23.0,11.0,50.0,10.0,66.0
2014-08-12,12.0,12.0,18.0,99.0,6.0,99.0
2014-08-13,13.0,13.0,15.0,98.0,5.0,98.0
2014-08-14,73.0,12.0,10.0,50.0,10.0,73.0
2014-08-15,22.0,14.0,15.0,82.0,7.0,82.0
2014-08-16,14.0,15.0,12.0,85.0,10.0,85.0
2014-08-17,14.0,14.0,24.0,86.0,9.0,86.0
2014-08-18,17.0,14.0,29.0,80.0,10.0,80.0
2014-08-20,64.0,8.0,15.0,104.0,10.0,104.0
2014-08-23,54.0,10.0,12.0,84.0,10.0,84.0
2014-08-24,29.0,14.0,12.0,82.0,7.0,82.0
2014-08-25,61.0,7.0,13.0,90.0,11.0,90.0
2014-08-26,58.0,7.0,15.0,97.0,10.0,97.0
2014-08-27,35.0,14.0,22.0,88.0,7.0,88.0
2014-08-28,22.0,14.0,13.0,78.0,7.0,78.0
2014-08-29,76.0,15.0,13.0,60.0,14.0,76.0
2014-08-30,28.0,13.0,20.0,92.0,8.0,92.0
2014-08-31,30.0,14.0,16.0,83.0,5.0,83.0
2014-09-01,29.0,16.0,12.0,75.0,5.0,75.0
2014-09-02,34.0,16.0,13.0,93.0,7.0,93.0
2014-09-03,87.0,15.0,9.0,101.0,10.0,101.0
2014-09-04,29.0,15.0,17.0,115.0,13.0,115.0
2014-09-05,76.0,13.0,10.0,88.0,14.0,88.0
2014-09-06,61.0,13.0,14.0,97.0,15.0,97.0
2014-09-07,36.0,15.0,20.0,89.0,11.0,89.0
2014-09-08,71.0,8.0,23.0,80.0,14.0,80.0
2014-09-09,39.0,15.0,26.0,106.0,11.0,106.0
2014-09-10,48.0,15.0,27.0,83.0,12.0,83.0
2014-09-11,43.0,15.0,16.0,89.0,8.0,89.0
2014-09-12,26.0,16.0,19.0,87.0,12.0,87.0
2014-09-13,42.0,17.0,21.0,91.0,13.0,91.0
2014-09-14,22.0,16.0,14.0,88.0,6.0,88.0
2014-09-15,25.0,18.0,20.0,102.0,11.0,102.0
2014-09-16,29.0,16.0,27.0,112.0,17.0,112.0
2014-09-18,21.0,17.0,16.0,81.0,9.0,81.0
2014-09-20,23.0,19.0,15.0,86.0,10.0,86.0
2014-09-21,27.0,15.0,32.0,90.0,9.0,90.0
2014-09-22,22.0,15.0,20.0,79.0,6.0,79.0
2014-09-23,14.0,16.0,15.0,76.0,7.0,76.0
2014-09-24,99.0,14.0,5.0,34.0,14.0,99.0
2014-09-25,76.0,19.0,20.0,124.0,19.0,124.0
2014-09-26,20.0,17.0,25.0,107.0,9.0,107.0
2014-09-27,85.0,16.0,7.0,78.0,15.0,85.0
2014-09-28,90.0,16.0,6.0,79.0,17.0,90.0
2014-09-29,78.0,15.0,5.0,93.0,13.0,93.0
2014-09-30,66.0,26.0,22.0,77.0,19.0,77.0
2014-10-01,102.0,16.0,6.0,67.0,15.0,102.0
2014-10-02,74.0,14.0,4.0,74.0,12.0,74.0
2014-10-03,78.0,15.0,4.0,83.0,14.0,83.0
2014-10-04,74.0,14.0,4.0,62.0,10.0,74.0
2014-10-05,61.0,13.0,26.0,80.0,17.0,80.0
2014-10-06,66.0,9.0,16.0,124.0,10.0,124.0
2014-10-07,83.0,18.0,5.0,75.0,14.0,83.0
2014-10-08,56.0,15.0,17.0,89.0,17.0,89.0
2014-10-09,66.0,16.0,4.0,78.0,16.0,78.0
2014-10-10,75.0,16.0,13.0,81.0,14.0,81.0
2014-10-11,53.0,20.0,22.0,121.0,15.0,121.0
2014-10-12,34.0,17.0,24.0,106.0,20.0,106.0
2014-10-13,53.0,15.0,16.0,131.0,16.0,131.0
2014-10-14,77.0,14.0,7.0,48.0,14.0,77.0
2014-10-15,81.0,15.0,5.0,89.0,13.0,89.0
2014-10-16,92.0,17.0,5.0,71.0,21.0,92.0
2014-10-17,93.0,13.0,4.0,70.0,11.0,93.0
2014-10-18,91.0,14.0,4.0,46.0,12.0,91.0
2014-10-19,94.0,15.0,6.0,49.0,13.0,94.0
2014-10-20,70.0,9.0,16.0,78.0,11.0,78.0
2014-10-21,81.0,16.0,5.0,58.0,14.0,81.0
2014-10-22,83.0,12.0,7.0,70.0,11.0,83.0
2014-10-23,72.0,8.0,12.0,116.0,9.0,116.0
2014-10-24,100.0,17.0,14.0,81.0,16.0,100.0
2014-10-25,116.0,21.0,18.0,76.0,14.0,116.0
2014-10-26,67.0,8.0,19.0,92.0,14.0,92.0
2014-10-29,84.0,20.0,13.0,70.0,17.0,84.0
2014-11-02,56.0,9.0,16.0,107.0,11.0,107.0
2014-11-04,67.0,20.0,16.0,94.0,15.0,94.0
2014-11-05,57.0,17.0,9.0,71.0,13.0,71.0
2014-11-06,56.0,8.0,16.0,90.0,9.0,90.0
2014-11-07,71.0,9.0,21.0,94.0,13.0,94.0
2014-11-08,65.0,8.0,15.0,146.0,9.0,146.0
2014-11-09,64.0,15.0,29.0,94.0,24.0,94.0
2014-11-10,60.0,15.0,16.0,99.0,17.0,99.0
2014-11-11,54.0,14.0,22.0,103.0,18.0,103.0
2014-11-12,69.0,16.0,28.0,83.0,21.0,83.0
2014-11-13,41.0,8.0,16.0,100.0,11.0,100.0
2014-11-14,63.0,12.0,8.0,87.0,14.0,87.0
2014-11-15,79.0,23.0,26.0,103.0,27.0,103.0
2014-11-16,67.0,19.0,16.0,104.0,17.0,104.0
2014-11-17,47.0,8.0,15.0,70.0,8.0,70.0
2014-11-18,51.0,11.0,32.0,82.0,15.0,82.0
2014-11-19,54.0,10.0,19.0,104.0,12.0,104.0
2014-11-21,60.0,15.0,19.0,72.0,13.0,72.0
2014-11-22,51.0,9.0,26.0,82.0,16.0,82.0
2014-11-23,78.0,12.0,8.0,36.0,12.0,78.0
2014-11-24,57.0,15.0,19.0,105.0,14.0,105.0
2014-11-25,50.0,16.0,17.0,92.0,17.0,92.0
2014-11-26,39.0,7.0,21.0,93.0,9.0,93.0
2014-11-27,69.0,19.0,30.0,100.0,22.0,100.0
2014-11-28,66.0,17.0,24.0,140.0,19.0,140.0
2014-11-29,79.0,23.0,35.0,64.0,30.0,79.0
2014-11-30,29.0,9.0,26.0,51.0,15.0,51.0
2014-12-01,33.0,14.0,13.0,34.0,12.0,34.0
2014-12-02,43.0,16.0,16.0,49.0,13.0,49.0
2014-12-03,33.0,13.0,13.0,52.0,11.0,52.0
2014-12-04,54.0,14.0,6.0,77.0,13.0,77.0
2014-12-05,50.0,18.0,16.0,103.0,16.0,103.0
2014-12-06,54.0,14.0,43.0,53.0,13.0,54.0
2014-12-07,52.0,15.0,39.0,56.0,11.0,56.0
2014-12-08,30.0,14.0,19.0,52.0,11.0,52.0
2014-12-09,41.0,15.0,24.0,47.0,12.0,47.0
2014-12-10,38.0,17.0,13.0,51.0,11.0,51.0
2014-12-11,61.0,14.0,8.0,35.0,12.0,61.0
2014-12-12,52.0,12.0,10.0,31.0,6.0,52.0
2014-12-13,59.0,13.0,9.0,58.0,6.0,59.0
2014-12-14,50.0,13.0,6.0,35.0,6.0,50.0
2014-12-15,25.0,16.0,10.0,41.0,12.0,41.0
2014-12-16,72.0,15.0,11.0,47.0,10.0,72.0
2014-12-17,29.0,14.0,11.0,52.0,11.0,52.0
2014-12-18,56.0,15.0,15.0,29.0,8.0,56.0
2014-12-19,62.0,10.0,19.0,46.0,15.0,62.0
2014-12-20,33.0,6.0,20.0,42.0,13.0,42.0
2014-12-21,67.0,34.0,43.0,23.0,13.0,67.0
2014-12-22,42.0,25.0,30.0,79.0,19.0,79.0
2014-12-23,39.0,3.0,37.0,55.0,18.0,55.0
2014-12-24,69.0,11.0,43.0,137.0,19.0,137.0
2014-12-25,58.0,7.0,37.0,130.0,16.0,130.0
2014-12-26,52.0,11.0,29.0,71.0,14.0,71.0
2014-12-27,24.0,2.0,32.0,40.0,14.0,40.0
2014-12-28,39.0,10.0,42.0,137.0,12.0,137.0
2014-12-29,31.0,9.0,13.0,201.0,6.0,201.0
2014-12-30,36.0,10.0,16.0,81.0,11.0,81.0
2014-12-31,18.0,9.0,11.0,217.0,5.0,217.0
2015-01-01,49.0,7.0,18.0,26.0,10.0,49.0
2015-01-02,28.0,3.0,26.0,48.0,6.0,48.0
2015-01-03,22.0,2.0,28.0,44.0,6.0,44.0
2015-01-04,18.0,2.0,28.0,42.0,6.0,42.0
2015-01-05,19.0,2.0,25.0,32.0,4.0,32.0
2015-01-06,27.0,3.0,26.0,37.0,6.0,37.0
2015-01-07,32.0,7.0,11.0,35.0,12.0,35.0
2015-01-09,23.0,6.0,8.0,32.0,7.0,32.0
2015-01-10,25.0,3.0,24.0,43.0,4.0,43.0
2015-01-11,26.0,6.0,7.0,41.0,11.0,41.0
2015-01-12,26.0,7.0,23.0,37.0,13.0,37.0
2015-01-13,45.0,5.0,26.0,28.0,18.0,45.0
2015-01-14,38.0,3.0,44.0,40.0,17.0,44.0
2015-01-15,35.0,4.0,33.0,47.0,12.0,47.0
2015-01-16,18.0,15.0,61.0,24.0,5.0,61.0
2015-01-17,32.0,3.0,26.0,43.0,15.0,43.0
2015-01-18,46.0,5.0,14.0,7.0,12.0,46.0
2015-01-19,54.0,5.0,20.0,41.0,16.0,54.0
2015-01-20,69.0,5.0,72.0,51.0,24.0,72.0
2015-01-21,56.0,7.0,61.0,30.0,12.0,61.0
2015-01-22,45.0,11.0,24.0,15.0,10.0,45.0
2015-01-23,47.0,3.0,50.0,40.0,23.0,50.0
2015-01-24,17.0,9.0,72.0,65.0,11.0,72.0
2015-01-25,12.0,7.0,26.0,67.0,4.0,67.0
2015-01-26,14.0,8.0,41.0,59.0,9.0,59.0
2015-01-27,68.0,5.0,34.0,24.0,9.0,68.0
2015-01-28,19.0,8.0,46.0,65.0,8.0,65.0
2015-01-29,10.0,8.0,32.0,61.0,7.0,61.0
2015-01-30,52.0,5.0,15.0,39.0,13.0,52.0
2015-01-31,54.0,5.0,17.0,36.0,15.0,54.0
2015-02-01,42.0,5.0,16.0,30.0,12.0,42.0
2015-02-02,50.0,3.0,31.0,32.0,11.0,50.0
2015-02-03,76.0,3.0,38.0,29.0,9.0,76.0
2015-02-04,68.0,3.0,27.0,36.0,10.0,68.0
2015-02-05,17.0,9.0,33.0,58.0,11.0,58.0
2015-02-06,16.0,8.0,52.0,49.0,9.0,52.0
2015-02-07,13.0,9.0,33.0,53.0,6.0,53.0
2015-02-08,49.0,6.0,18.0,32.0,12.0,49.0
2015-02-09,14.0,8.0,45.0,36.0,8.0,45.0
2015-02-10,13.0,7.0,42.0,46.0,11.0,46.0
2015-02-11,11.0,8.0,68.0,40.0,8.0,68.0
2015-02-12,72.0,3.0,41.0,27.0,9.0,72.0
2015-02-13,17.0,8.0,37.0,48.0,6.0,48.0
2015-02-14,58.0,3.0,41.0,27.0,8.0,58.0
2015-02-15,25.0,9.0,71.0,44.0,9.0,71.0
2015-02-16,18.0,8.0,50.0,72.0,10.0,72.0
2015-02-17,21.0,8.0,57.0,63.0,10.0,63.0
2015-02-19,11.0,8.0,34.0,42.0,6.0,42.0
2015-02-20,11.0,9.0,42.0,68.0,11.0,68.0
2015-02-25,22.0,12.0,45.0,121.0,11.0,121.0
2015-02-26,13.0,12.0,35.0,147.0,12.0,147.0
2015-02-27,12.0,9.0,38.0,129.0,14.0,129.0
2015-02-28,78.0,17.0,29.0,34.0,16.0,78.0
2015-03-01,86.0,16.0,38.0,26.0,13.0,86.0
2015-03-02,57.0,8.0,15.0,38.0,18.0,57.0
2015-03-03,62.0,10.0,20.0,44.0,18.0,62.0
2015-03-04,59.0,11.0,36.0,38.0,19.0,59.0
2015-03-05,51.0,10.0,17.0,38.0,15.0,51.0
2015-03-06,58.0,4.0,27.0,70.0,8.0,70.0
2015-03-07,53.0,15.0,17.0,59.0,11.0,59.0
2015-03-08,46.0,14.0,22.0,28.0,8.0,46.0
2015-03-09,51.0,4.0,20.0,36.0,6.0,51.0
2015-03-10,31.0,3.0,11.0,63.0,7.0,63.0
2015-03-11,20.0,9.0,26.0,62.0,4.0,62.0
2015-03-12,35.0,16.0,14.0,48.0,7.0,48.0
2015-03-13,66.0,7.0,36.0,35.0,18.0,66.0
2015-03-14,72.0,17.0,40.0,43.0,8.0,72.0
2015-03-15,64.0,6.0,17.0,48.0,14.0,64.0
2015-03-16,53.0,14.0,40.0,71.0,10.0,71.0
2015-03-17,66.0,20.0,26.0,85.0,14.0,85.0
2015-03-18,75.0,22.0,35.0,104.0,23.0,104.0
2015-03-19,37.0,11.0,33.0,130.0,10.0,130.0
2015-03-20,57.0,9.0,30.0,127.0,19.0,127.0
2015-03-21,16.0,9.0,30.0,92.0,12.0,92.0
2015-03-22,22.0,10.0,36.0,113.0,10.0,113.0
2015-03-23,36.0,4.0,19.0,155.0,10.0,155.0
2015-03-24,37.0,10.0,46.0,94.0,12.0,94.0
2015-03-25,75.0,16.0,27.0,23.0,12.0,75.0
2015-03-26,66.0,15.0,34.0,49.0,12.0,66.0
2015-03-27,18.0,10.0,58.0,83.0,15.0,83.0
2015-03-28,24.0,10.0,33.0,77.0,13.0,77.0
2015-03-29,78.0,15.0,37.0,11.0,8.0,78.0
2015-03-30,25.0,10.0,47.0,76.0,13.0,76.0
2015-03-31,80.0,17.0,21.0,64.0,12.0,80.0
2015-04-01,65.0,19.0,37.0,80.0,21.0,80.0
2015-04-02,62.0,9.0,35.0,88.0,22.0,88.0
2015-04-03,20.0,10.0,45.0,54.0,9.0,54.0
2015-04-04,67.0,10.0,46.0,108.0,15.0,108.0
2015-04-05,58.0,4.0,36.0,77.0,13.0,77.0
2015-04-06,71.0,17.0,30.0,57.0,14.0,71.0
2015-04-07,57.0,17.0,12.0,24.0,6.0,57.0
2015-04-08,49.0,7.0,29.0,86.0,13.0,86.0
2015-04-09,65.0,13.0,42.0,86.0,17.0,86.0
2015-04-10,17.0,9.0,64.0,87.0,12.0,87.0
2015-04-11,46.0,6.0,27.0,62.0,12.0,62.0
2015-04-12,18.0,11.0,30.0,88.0,6.0,88.0
2015-04-13,74.0,14.0,35.0,56.0,17.0,74.0
2015-04-14,74.0,22.0,18.0,61.0,11.0,74.0
2015-04-15,15.0,10.0,37.0,83.0,18.0,83.0
2015-04-16,15.0,11.0,35.0,87.0,10.0,87.0
2015-04-17,64.0,15.0,33.0,53.0,12.0,64.0
2015-04-18,84.0,15.0,45.0,55.0,11.0,84.0
2015-04-19,82.0,11.0,48.0,111.0,21.0,111.0
2015-04-20,55.0,17.0,28.0,98.0,21.0,98.0
2015-04-21,18.0,11.0,42.0,101.0,11.0,101.0
2015-04-22,14.0,10.0,34.0,119.0,10.0,119.0
2015-04-23,30.0,15.0,11.0,46.0,10.0,46.0
2015-04-24,26.0,15.0,9.0,39.0,7.0,39.0
2015-04-25,29.0,15.0,10.0,40.0,11.0,40.0
2015-04-26,53.0,5.0,39.0,32.0,16.0,53.0
2015-04-27,46.0,15.0,34.0,67.0,9.0,67.0
2015-04-28,46.0,15.0,18.0,38.0,6.0,46.0
2015-04-30,40.0,5.0,28.0,51.0,16.0,51.0
2015-05-01,57.0,6.0,33.0,105.0,11.0,105.0
2015-05-02,74.0,6.0,53.0,99.0,16.0,99.0
2015-05-03,16.0,10.0,31.0,96.0,9.0,96.0
2015-05-04,55.0,19.0,31.0,71.0,11.0,71.0
2015-05-05,73.0,22.0,61.0,51.0,18.0,73.0
2015-05-06,79.0,19.0,43.0,40.0,16.0,79.0
2015-05-07,15.0,10.0,28.0,67.0,7.0,67.0
2015-05-08,72.0,22.0,15.0,53.0,13.0,72.0
2015-05-09,81.0,13.0,36.0,83.0,15.0,83.0
2015-05-10,56.0,7.0,28.0,76.0,10.0,76.0
2015-05-12,77.0,20.0,33.0,45.0,16.0,77.0
2015-05-13,75.0,18.0,23.0,63.0,13.0,75.0
2015-05-16,67.0,17.0,13.0,92.0,10.0,92.0
2015-05-18,13.0,12.0,32.0,77.0,9.0,77.0
2015-05-19,25.0,12.0,31.0,105.0,8.0,105.0
2015-05-20,24.0,12.0,30.0,97.0,6.0,97.0
2015-05-22,35.0,12.0,22.0,90.0,15.0,90.0
2015-05-24,87.0,18.0,16.0,29.0,9.0,87.0
2015-05-25,12.0,11.0,29.0,83.0,7.0,83.0
2015-05-26,22.0,12.0,41.0,85.0,13.0,85.0
2015-05-30,74.0,12.0,27.0,56.0,12.0,74.0
2015-05-31,12.0,11.0,53.0,83.0,10.0,83.0
2015-06-01,74.0,8.0,27.0,49.0,12.0,74.0
2015-06-03,12.0,10.0,30.0,84.0,5.0,84.0
2015-06-06,79.0,25.0,11.0,59.0,10.0,79.0
2015-06-07,86.0,22.0,11.0,45.0,16.0,86.0
2015-06-08,85.0,21.0,15.0,35.0,14.0,85.0
2015-06-09,91.0,21.0,13.0,33.0,13.0,91.0
2015-06-11,45.0,11.0,41.0,90.0,7.0,90.0
2015-06-12,72.0,8.0,43.0,107.0,19.0,107.0
2015-06-14,51.0,15.0,37.0,113.0,10.0,113.0
2015-06-15,53.0,12.0,34.0,108.0,11.0,108.0
2015-06-16,75.0,14.0,47.0,115.0,13.0,115.0
2015-06-17,115.0,27.0,12.0,66.0,18.0,115.0
2015-06-18,83.0,26.0,7.0,56.0,12.0,83.0
2015-06-19,78.0,20.0,27.0,87.0,14.0,87.0
2015-06-20,79.0,24.0,7.0,77.0,11.0,79.0
2015-06-21,76.0,14.0,28.0,99.0,12.0,99.0
2015-06-22,98.0,24.0,8.0,65.0,20.0,98.0
2015-06-23,109.0,26.0,9.0,73.0,15.0,109.0
2015-06-24,43.0,13.0,29.0,94.0,15.0,94.0
2015-06-28,67.0,21.0,26.0,84.0,11.0,84.0
2015-06-29,94.0,28.0,10.0,101.0,12.0,101.0
2015-06-30,28.0,17.0,33.0,101.0,12.0,101.0
2015-07-01,83.0,27.0,7.0,86.0,14.0,86.0
2015-07-02,86.0,28.0,10.0,93.0,15.0,93.0
2015-07-03,75.0,11.0,19.0,99.0,11.0,99.0
2015-07-04,21.0,14.0,22.0,94.0,8.0,94.0
2015-07-05,114.0,12.0,46.0,87.0,16.0,114.0
2015-07-06,26.0,15.0,23.0,95.0,11.0,95.0
2015-07-07,26.0,15.0,21.0,123.0,20.0,123.0
2015-07-08,17.0,14.0,23.0,109.0,12.0,109.0
2015-07-09,14.0,13.0,20.0,95.0,8.0,95.0
2015-07-10,23.0,14.0,21.0,86.0,8.0,86.0
2015-07-11,20.0,14.0,22.0,77.0,9.0,77.0
2015-07-12,20.0,15.0,21.0,64.0,7.0,64.0
2015-07-13,60.0,14.0,11.0,29.0,11.0,60.0
2015-07-14,70.0,26.0,6.0,31.0,7.0,70.0
2015-07-15,60.0,11.0,14.0,27.0,8.0,60.0
2015-07-16,55.0,26.0,4.0,41.0,7.0,55.0
2015-07-18,17.0,13.0,18.0,58.0,5.0,58.0
2015-07-19,15.0,13.0,21.0,56.0,5.0,56.0
2015-07-20,16.0,13.0,19.0,61.0,4.0,61.0
2015-07-25,12.0,14.0,23.0,79.0,6.0,79.0
2015-07-27,19.0,13.0,26.0,82.0,10.0,82.0
2015-07-28,18.0,14.0,26.0,66.0,8.0,66.0
2015-07-31,13.0,14.0,23.0,82.0,6.0,82.0
2015-08-01,13.0,14.0,28.0,91.0,6.0,91.0
2015-08-02,17.0,15.0,28.0,94.0,6.0,94.0
2015-08-03,12.0,16.0,20.0,69.0,9.0,69.0
2015-08-04,101.0,29.0,12.0,75.0,16.0,101.0
2015-08-05,91.0,29.0,8.0,57.0,15.0,91.0
2015-08-06,86.0,27.0,8.0,56.0,15.0,86.0
2015-08-07,23.0,15.0,18.0,88.0,8.0,88.0
2015-08-08,17.0,15.0,22.0,95.0,9.0,95.0
2015-08-09,76.0,28.0,7.0,45.0,9.0,76.0
2015-08-10,68.0,28.0,6.0,44.0,8.0,68.0
2015-08-11,75.0,28.0,7.0,45.0,10.0,75.0
2015-08-12,11.0,14.0,21.0,74.0,6.0,74.0
2015-08-13,92.0,25.0,13.0,43.0,12.0,92.0
2015-08-14,65.0,25.0,6.0,32.0,8.0,65.0
2015-08-15,11.0,16.0,22.0,75.0,8.0,75.0
2015-08-17,9.0,15.0,18.0,77.0,5.0,77.0
2015-08-18,11.0,16.0,18.0,79.0,8.0,79.0
2015-08-21,15.0,14.0,19.0,98.0,8.0,98.0
2015-08-22,11.0,14.0,15.0,96.0,5.0,96.0
2015-08-25,19.0,15.0,25.0,102.0,9.0,102.0
2015-08-26,110.0,28.0,7.0,62.0,9.0,110.0
2015-08-27,97.0,27.0,7.0,49.0,12.0,97.0
2015-08-28,88.0,28.0,6.0,47.0,10.0,88.0
2015-08-29,13.0,15.0,26.0,100.0,8.0,100.0
2015-08-30,80.0,30.0,5.0,56.0,8.0,80.0
2015-09-01,78.0,28.0,6.0,58.0,9.0,78.0
2015-09-02,86.0,30.0,10.0,55.0,13.0,86.0
2015-09-03,101.0,30.0,9.0,47.0,12.0,101.0
2015-09-04,89.0,28.0,7.0,46.0,14.0,89.0
2015-09-05,80.0,29.0,5.0,64.0,9.0,80.0
2015-09-06,89.0,29.0,7.0,59.0,9.0,89.0
2015-09-07,28.0,15.0,20.0,83.0,10.0,83.0
2015-09-08,35.0,15.0,24.0,102.0,8.0,102.0
2015-09-09,36.0,16.0,26.0,96.0,13.0,96.0
2015-09-10,40.0,15.0,31.0,99.0,11.0,99.0
2015-09-11,32.0,14.0,20.0,79.0,8.0,79.0
2015-09-12,36.0,14.0,20.0,78.0,6.0,78.0
2015-09-13,59.0,12.0,9.0,87.0,10.0,87.0
2015-09-14,70.0,14.0,14.0,114.0,12.0,114.0
2015-09-15,33.0,16.0,18.0,91.0,8.0,91.0
2015-09-16,76.0,28.0,5.0,49.0,9.0,76.0
2015-09-17,96.0,30.0,7.0,56.0,14.0,96.0
2015-09-18,94.0,28.0,6.0,50.0,8.0,94.0
2015-09-19,100.0,31.0,6.0,44.0,9.0,100.0
2015-09-20,116.0,27.0,7.0,51.0,10.0,116.0
2015-09-21,28.0,15.0,27.0,120.0,8.0,120.0
2015-09-22,114.0,31.0,9.0,67.0,14.0,114.0
2015-09-23,93.0,32.0,13.0,76.0,17.0,93.0
2015-09-24,98.0,33.0,11.0,75.0,14.0,98.0
2015-09-25,25.0,16.0,19.0,91.0,7.0,91.0
2015-09-26,77.0,34.0,21.0,39.0,18.0,77.0
2015-09-27,80.0,30.0,7.0,42.0,11.0,80.0
2015-09-28,21.0,15.0,23.0,94.0,7.0,94.0
2015-09-29,105.0,31.0,9.0,42.0,13.0,105.0
2015-09-30,92.0,30.0,5.0,45.0,11.0,92.0
2015-10-01,121.0,31.0,14.0,59.0,33.0,121.0
2015-10-02,107.0,29.0,9.0,46.0,11.0,107.0
2015-10-03,108.0,29.0,7.0,45.0,11.0,108.0
2015-10-04,121.0,30.0,5.0,48.0,10.0,121.0
2015-10-05,86.0,28.0,4.0,51.0,9.0,86.0
2015-10-06,12.0,16.0,25.0,95.0,9.0,95.0
2015-10-07,5.0,16.0,31.0,97.0,10.0,97.0
2015-10-08,12.0,14.0,25.0,97.0,8.0,97.0
2015-10-09,79.0,29.0,5.0,54.0,8.0,79.0
2015-10-10,80.0,29.0,7.0,55.0,14.0,80.0
2015-10-11,87.0,29.0,8.0,46.0,11.0,87.0
2015-10-12,6.0,15.0,26.0,92.0,8.0,92.0
2015-10-13,13.0,16.0,25.0,80.0,10.0,80.0
2015-10-14,13.0,16.0,35.0,82.0,8.0,82.0
2015-10-15,89.0,32.0,11.0,35.0,17.0,89.0
2015-10-16,16.0,16.0,27.0,73.0,12.0,73.0
2015-10-17,78.0,12.0,38.0,53.0,15.0,78.0
2015-10-18,13.0,15.0,44.0,108.0,14.0,108.0
2015-10-19,8.0,15.0,35.0,104.0,11.0,104.0
2015-10-20,100.0,33.0,7.0,74.0,17.0,100.0
2015-10-21,112.0,31.0,10.0,55.0,14.0,112.0
2015-10-22,79.0,31.0,2.0,60.0,11.0,79.0
2015-10-27,18.0,16.0,34.0,123.0,9.0,123.0
2015-10-28,100.0,29.0,4.0,65.0,13.0,100.0
2015-10-29,19.0,16.0,34.0,94.0,12.0,94.0
2015-10-30,92.0,28.0,5.0,70.0,12.0,92.0
2015-10-31,77.0,10.0,27.0,120.0,13.0,120.0
2015-11-01,5.0,15.0,28.0,119.0,6.0,119.0
2015-11-02,82.0,27.0,23.0,91.0,18.0,91.0
2015-11-03,9.0,15.0,25.0,117.0,10.0,117.0
2015-11-04,8.0,15.0,24.0,84.0,11.0,84.0
2015-11-05,4.0,15.0,34.0,89.0,10.0,89.0
2015-11-06,10.0,15.0,27.0,103.0,8.0,103.0
2015-11-07,90.0,31.0,4.0,36.0,24.0,90.0
2015-11-08,4.0,15.0,52.0,81.0,16.0,81.0
2015-11-09,13.0,16.0,29.0,112.0,11.0,112.0
2015-11-10,53.0,15.0,25.0,105.0,7.0,105.0
2015-11-11,82.0,21.0,26.0,91.0,18.0,91.0
2015-11-12,73.0,16.0,34.0,108.0,14.0,108.0
2015-11-15,73.0,17.0,15.0,39.0,10.0,73.0
2015-11-16,53.0,16.0,15.0,89.0,14.0,89.0
2015-11-17,51.0,15.0,17.0,87.0,23.0,87.0
2015-11-21,74.0,18.0,41.0,86.0,24.0,86.0
2015-11-22,64.0,21.0,20.0,88.0,16.0,88.0
2015-11-23,70.0,27.0,22.0,79.0,19.0,79.0
2015-11-24,61.0,20.0,21.0,77.0,16.0,77.0
2015-11-27,56.0,21.0,17.0,85.0,15.0,85.0
2015-11-28,73.0,11.0,16.0,143.0,13.0,143.0
2015-11-29,63.0,19.0,26.0,98.0,16.0,98.0
2015-11-30,66.0,17.0,29.0,105.0,19.0,105.0
2015-12-02,42.0,17.0,24.0,111.0,18.0,111.0
2015-12-03,57.0,16.0,32.0,82.0,8.0,82.0
2015-12-08,70.0,25.0,14.0,57.0,21.0,70.0
2015-12-09,55.0,20.0,31.0,65.0,20.0,65.0
2015-12-11,60.0,24.0,18.0,85.0,23.0,85.0
2015-12-12,57.0,19.0,18.0,90.0,19.0,90.0
2015-12-13,60.0,21.0,25.0,61.0,17.0,61.0
2015-12-14,34.0,17.0,14.0,40.0,9.0,40.0
2015-12-15,28.0,18.0,11.0,42.0,8.0,42.0
2015-12-16,31.0,18.0,14.0,44.0,11.0,44.0
2015-12-24,44.0,11.0,11.0,23.0,3.0,44.0
2015-12-25,29.0,19.0,10.0,52.0,12.0,52.0
2015-12-27,53.0,11.0,14.0,46.0,5.0,53.0
2015-12-28,55.0,12.0,10.0,36.0,7.0,55.0
2015-12-31,24.0,18.0,11.0,51.0,9.0,51.0
2016-01-01,72.0,32.0,12.0,37.0,11.0,72.0
2016-01-04,61.0,27.0,21.0,103.0,24.0,103.0
2016-01-05,99.0,33.0,24.0,55.0,21.0,99.0
2016-01-06,75.0,33.0,9.0,32.0,11.0,75.0
2016-01-07,75.0,33.0,8.0,41.0,12.0,75.0
2016-01-08,50.0,22.0,10.0,62.0,9.0,62.0
2016-01-09,77.0,33.0,8.0,36.0,8.0,77.0
2016-01-10,57.0,32.0,16.0,86.0,15.0,86.0
2016-01-11,59.0,24.0,26.0,93.0,14.0,93.0
2016-01-12,72.0,35.0,11.0,40.0,12.0,72.0
2016-01-13,65.0,11.0,36.0,32.0,14.0,65.0
2016-01-14,59.0,27.0,17.0,53.0,18.0,59.0
2016-01-15,68.0,35.0,21.0,39.0,10.0,68.0
2016-01-16,59.0,42.0,26.0,95.0,4.0,95.0
2016-01-17,58.0,42.0,19.0,149.0,4.0,149.0
2016-01-19,59.0,17.0,31.0,83.0,4.0,83.0
2016-01-20,54.0,44.0,33.0,69.0,3.0,69.0
2016-01-21,54.0,16.0,35.0,73.0,8.0,73.0
2016-01-24,55.0,41.0,38.0,48.0,2.0,55.0
2016-01-25,33.0,40.0,32.0,49.0,4.0,49.0
2016-01-26,61.0,42.0,40.0,54.0,3.0,61.0
2016-01-28,58.0,42.0,30.0,77.0,3.0,77.0
2016-01-29,55.0,4.0,29.0,83.0,16.0,83.0
2016-02-02,52.0,32.0,7.0,38.0,9.0,52.0
2016-02-03,36.0,2.0,27.0,57.0,15.0,57.0
2016-02-04,68.0,13.0,12.0,56.0,11.0,68.0
2016-02-05,61.0,11.0,12.0,57.0,13.0,61.0
2016-02-06,63.0,8.0,28.0,87.0,17.0,87.0
2016-02-07,64.0,8.0,19.0,46.0,8.0,64.0
2016-02-09,20.0,41.0,13.0,53.0,2.0,53.0
2016-02-11,39.0,6.0,51.0,65.0,5.0,65.0
2016-02-12,28.0,7.0,40.0,52.0,11.0,52.0
2016-02-13,48.0,7.0,99.0,114.0,18.0,114.0
2016-02-14,50.0,6.0,54.0,96.0,11.0,96.0
2016-02-15,55.0,9.0,29.0,63.0,12.0,63.0
2016-02-17,71.0,8.0,11.0,18.0,10.0,71.0
2016-02-18,63.0,7.0,72.0,65.0,8.0,72.0
2016-02-19,38.0,8.0,56.0,85.0,11.0,85.0
2016-02-20,78.0,14.0,31.0,52.0,3.0,78.0
2016-02-21,83.0,8.0,11.0,26.0,9.0,83.0
2016-02-22,65.0,8.0,7.0,30.0,11.0,65.0
2016-02-23,25.0,11.0,39.0,79.0,8.0,79.0
2016-02-24,66.0,8.0,9.0,25.0,13.0,66.0
2016-02-25,6.0,6.0,31.0,62.0,14.0,62.0
2016-02-26,3.0,5.0,31.0,57.0,9.0,57.0
2016-02-27,4.0,7.0,37.0,57.0,8.0,57.0
2016-03-01,22.0,6.0,24.0,59.0,9.0,59.0
2016-03-02,52.0,15.0,26.0,40.0,3.0,52.0
2016-03-03,46.0,7.0,54.0,52.0,11.0,54.0
2016-03-04,68.0,15.0,40.0,41.0,3.0,68.0
2016-03-05,48.0,12.0,30.0,58.0,7.0,58.0
2016-03-06,80.0,11.0,16.0,63.0,13.0,80.0
2016-03-07,52.0,15.0,16.0,102.0,4.0,102.0
2016-03-08,52.0,15.0,15.0,81.0,5.0,81.0
2016-03-09,58.0,15.0,24.0,99.0,4.0,99.0
2016-03-10,54.0,15.0,22.0,133.0,3.0,133.0
2016-03-11,55.0,10.0,31.0,98.0,12.0,98.0
2016-03-12,59.0,11.0,33.0,109.0,24.0,109.0
2016-03-13,56.0,15.0,16.0,78.0,1.0,78.0
2016-03-14,74.0,12.0,17.0,50.0,12.0,74.0
2016-03-15,71.0,14.0,31.0,173.0,16.0,173.0
2016-03-16,60.0,9.0,40.0,119.0,19.0,119.0
2016-03-17,54.0,10.0,24.0,120.0,16.0,120.0
2016-03-18,55.0,9.0,44.0,61.0,10.0,61.0
2016-03-19,53.0,10.0,25.0,91.0,14.0,91.0
2016-03-20,50.0,7.0,23.0,91.0,11.0,91.0
2016-03-21,66.0,14.0,12.0,24.0,8.0,66.0
2016-03-22,76.0,14.0,45.0,71.0,9.0,76.0
2016-03-23,30.0,6.0,21.0,74.0,10.0,74.0
2016-03-24,49.0,6.0,27.0,122.0,14.0,122.0
2016-03-25,72.0,23.0,28.0,136.0,15.0,136.0
2016-03-26,57.0,20.0,23.0,128.0,6.0,128.0
2016-03-27,58.0,21.0,25.0,88.0,4.0,88.0
2016-03-28,60.0,21.0,25.0,63.0,4.0,63.0
2016-03-29,58.0,21.0,18.0,93.0,4.0,93.0
2016-03-30,74.0,10.0,50.0,63.0,11.0,74.0
2016-03-31,81.0,15.0,10.0,26.0,11.0,81.0
2016-04-01,69.0,21.0,32.0,84.0,8.0,84.0
2016-04-02,45.0,21.0,15.0,102.0,3.0,102.0
2016-04-03,47.0,10.0,48.0,80.0,10.0,80.0
2016-04-05,44.0,20.0,14.0,66.0,2.0,66.0
2016-04-06,55.0,21.0,17.0,98.0,4.0,98.0
2016-04-07,53.0,21.0,20.0,77.0,8.0,77.0
2016-04-08,65.0,16.0,10.0,24.0,19.0,65.0
2016-04-09,46.0,7.0,23.0,94.0,22.0,94.0
2016-04-10,57.0,21.0,17.0,76.0,5.0,76.0
2016-04-11,70.0,21.0,25.0,139.0,7.0,139.0
2016-04-12,99.0,19.0,12.0,22.0,16.0,99.0
2016-04-13,71.0,18.0,9.0,34.0,13.0,71.0
2016-04-14,73.0,16.0,39.0,123.0,18.0,123.0
2016-04-15,57.0,12.0,33.0,117.0,20.0,117.0
2016-04-16,69.0,9.0,58.0,78.0,16.0,78.0
2016-04-17,56.0,23.0,21.0,78.0,4.0,78.0
2016-04-18,39.0,8.0,47.0,93.0,13.0,93.0
2016-04-19,54.0,8.0,46.0,80.0,15.0,80.0
2016-04-20,39.0,22.0,17.0,99.0,4.0,99.0
2016-04-21,51.0,7.0,51.0,135.0,18.0,135.0
2016-04-23,46.0,12.0,32.0,65.0,7.0,65.0
2016-04-24,63.0,17.0,20.0,42.0,11.0,63.0
2016-04-25,54.0,9.0,42.0,66.0,10.0,66.0
2016-04-26,71.0,29.0,30.0,13.0,3.0,71.0
2016-04-27,59.0,23.0,18.0,76.0,4.0,76.0
2016-04-28,58.0,10.0,47.0,82.0,13.0,82.0
2016-04-29,47.0,9.0,39.0,74.0,8.0,74.0
2016-04-30,71.0,16.0,21.0,39.0,10.0,71.0
2016-05-01,57.0,9.0,69.0,62.0,9.0,69.0
2016-05-02,52.0,9.0,49.0,66.0,8.0,66.0
2016-05-03,70.0,17.0,18.0,28.0,6.0,70.0
2016-05-04,78.0,24.0,47.0,54.0,9.0,78.0
2016-05-05,63.0,14.0,24.0,17.0,6.0,63.0
2016-05-06,79.0,23.0,43.0,128.0,7.0,128.0
2016-05-07,62.0,10.0,27.0,93.0,11.0,93.0
2016-05-08,74.0,16.0,44.0,84.0,22.0,84.0
2016-05-09,63.0,13.0,30.0,145.0,13.0,145.0
2016-05-10,67.0,23.0,23.0,86.0,8.0,86.0
2016-05-11,56.0,23.0,19.0,84.0,5.0,84.0
2016-05-12,88.0,18.0,27.0,73.0,14.0,88.0
2016-05-13,41.0,8.0,45.0,94.0,13.0,94.0
2016-05-14,5.0,8.0,39.0,104.0,8.0,104.0
2016-05-15,2.0,11.0,46.0,73.0,7.0,73.0
2016-05-16,33.0,9.0,39.0,92.0,9.0,92.0
2016-05-17,78.0,14.0,29.0,83.0,21.0,83.0
2016-05-18,78.0,15.0,34.0,42.0,17.0,78.0
2016-05-19,60.0,22.0,24.0,155.0,5.0,155.0
2016-05-20,62.0,8.0,43.0,90.0,10.0,90.0
2016-05-21,51.0,7.0,37.0,81.0,14.0,81.0
2016-05-22,57.0,7.0,53.0,109.0,15.0,109.0
2016-05-23,54.0,22.0,19.0,118.0,3.0,118.0
2016-05-24,63.0,9.0,55.0,91.0,19.0,91.0
2016-05-25,44.0,9.0,47.0,82.0,13.0,82.0
2016-05-26,91.0,38.0,27.0,47.0,17.0,91.0
2016-05-27,89.0,28.0,31.0,61.0,29.0,89.0
2016-05-28,94.0,20.0,39.0,77.0,18.0,94.0
2016-05-29,61.0,18.0,16.0,31.0,13.0,61.0
2016-05-30,55.0,13.0,56.0,79.0,14.0,79.0
2016-05-31,53.0,11.0,46.0,101.0,10.0,101.0
2016-06-01,75.0,15.0,28.0,119.0,14.0,119.0
2016-06-02,55.0,8.0,81.0,46.0,15.0,81.0
2016-06-03,48.0,10.0,22.0,140.0,18.0,140.0
2016-06-04,88.0,16.0,36.0,81.0,18.0,88.0
2016-06-05,84.0,18.0,49.0,52.0,16.0,84.0
2016-06-06,78.0,9.0,71.0,113.0,13.0,113.0
2016-06-07,77.0,30.0,41.0,46.0,20.0,77.0
2016-06-09,51.0,11.0,26.0,59.0,17.0,59.0
2016-06-10,63.0,10.0,73.0,45.0,26.0,73.0
2016-06-11,54.0,21.0,16.0,68.0,2.0,68.0
2016-06-12,61.0,9.0,58.0,114.0,13.0,114.0
2016-06-13,61.0,21.0,19.0,129.0,3.0,129.0
2016-06-14,62.0,22.0,16.0,85.0,2.0,85.0
2016-06-15,59.0,22.0,20.0,81.0,11.0,81.0
2016-06-16,65.0,22.0,33.0,41.0,19.0,65.0
2016-06-17,58.0,23.0,16.0,69.0,4.0,69.0
2016-06-18,34.0,8.0,44.0,24.0,18.0,44.0
2016-06-19,53.0,20.0,44.0,126.0,9.0,126.0
2016-06-21,60.0,10.0,52.0,125.0,24.0,125.0
2016-06-23,71.0,23.0,24.0,108.0,16.0,108.0
2016-06-24,31.0,9.0,49.0,119.0,16.0,119.0
2016-06-26,83.0,29.0,32.0,25.0,3.0,83.0
2016-06-27,63.0,19.0,28.0,73.0,14.0,73.0
2016-06-29,66.0,10.0,53.0,100.0,5.0,100.0
2016-06-30,57.0,21.0,26.0,78.0,8.0,78.0
2016-07-01,59.0,8.0,68.0,104.0,6.0,104.0
2016-07-02,68.0,15.0,32.0,104.0,15.0,104.0
2016-07-03,59.0,22.0,20.0,70.0,3.0,70.0
2016-07-08,35.0,9.0,31.0,65.0,13.0,65.0
2016-07-09,56.0,8.0,40.0,73.0,12.0,73.0
2016-07-10,61.0,9.0,42.0,68.0,12.0,68.0
2016-07-12,32.0,11.0,19.0,76.0,9.0,76.0
2016-07-13,62.0,8.0,56.0,90.0,10.0,90.0
2016-07-14,86.0,18.0,37.0,40.0,10.0,86.0
2016-07-15,62.0,19.0,11.0,31.0,6.0,62.0
2016-07-16,56.0,17.0,12.0,31.0,8.0,56.0
2016-07-17,58.0,22.0,29.0,71.0,4.0,71.0
2016-07-19,52.0,23.0,23.0,115.0,3.0,115.0
2016-07-20,38.0,8.0,43.0,81.0,9.0,81.0
2016-07-21,69.0,21.0,20.0,97.0,10.0,97.0
2016-07-22,73.0,25.0,25.0,49.0,14.0,73.0
2016-07-23,50.0,23.0,27.0,87.0,5.0,87.0
2016-07-24,62.0,9.0,59.0,103.0,11.0,103.0
2016-07-26,53.0,14.0,31.0,173.0,14.0,173.0
2016-07-28,81.0,22.0,14.0,62.0,13.0,81.0
2016-07-29,64.0,23.0,20.0,106.0,3.0,106.0
2016-07-30,55.0,8.0,51.0,119.0,9.0,119.0
2016-07-31,54.0,24.0,18.0,106.0,4.0,106.0
2016-08-01,55.0,24.0,12.0,100.0,4.0,100.0
2016-08-02,41.0,13.0,22.0,131.0,14.0,131.0
2016-08-03,50.0,9.0,41.0,136.0,6.0,136.0
2016-08-04,59.0,15.0,29.0,133.0,15.0,133.0
2016-08-05,70.0,24.0,22.0,108.0,5.0,108.0
2016-08-06,72.0,24.0,18.0,87.0,4.0,87.0
2016-08-07,54.0,19.0,22.0,119.0,11.0,119.0
2016-08-08,54.0,9.0,35.0,77.0,7.0,77.0
2016-08-09,37.0,24.0,16.0,63.0,4.0,63.0
2016-08-10,54.0,9.0,45.0,102.0,13.0,102.0
2016-08-11,57.0,25.0,17.0,88.0,6.0,88.0
2016-08-12,59.0,25.0,16.0,119.0,4.0,119.0
2016-08-13,59.0,24.0,14.0,103.0,3.0,103.0
2016-08-14,50.0,23.0,12.0,72.0,2.0,72.0
2016-08-15,34.0,8.0,45.0,121.0,11.0,121.0
2016-08-16,72.0,27.0,21.0,107.0,7.0,107.0
2016-08-17,86.0,25.0,28.0,55.0,7.0,86.0
2016-08-18,50.0,9.0,47.0,77.0,10.0,77.0
2016-08-19,65.0,21.0,22.0,83.0,10.0,83.0
2016-08-20,49.0,25.0,15.0,115.0,4.0,115.0
2016-08-22,52.0,11.0,38.0,83.0,10.0,83.0
2016-08-23,48.0,15.0,22.0,176.0,13.0,176.0
2016-08-24,36.0,14.0,19.0,101.0,9.0,101.0
2016-08-25,70.0,34.0,26.0,133.0,21.0,133.0
2016-08-26,58.0,12.0,44.0,103.0,15.0,103.0
2016-08-28,57.0,24.0,26.0,78.0,6.0,78.0
2016-08-29,80.0,10.0,76.0,66.0,11.0,80.0
2016-08-30,70.0,24.0,23.0,111.0,6.0,111.0
2016-08-31,72.0,9.0,79.0,57.0,8.0,79.0
2016-09-01,55.0,25.0,14.0,85.0,3.0,85.0
2016-09-02,55.0,24.0,21.0,141.0,6.0,141.0
2016-09-03,66.0,10.0,61.0,94.0,6.0,94.0
2016-09-04,73.0,26.0,17.0,52.0,17.0,73.0
2016-09-05,62.0,26.0,17.0,22.0,6.0,62.0
2016-09-06,66.0,22.0,23.0,53.0,8.0,66.0
2016-09-07,53.0,9.0,43.0,62.0,7.0,62.0
2016-09-08,46.0,9.0,36.0,125.0,8.0,125.0
2016-09-09,62.0,12.0,45.0,90.0,8.0,90.0
2016-09-10,94.0,23.0,32.0,59.0,9.0,94.0
2016-09-11,55.0,11.0,41.0,74.0,6.0,74.0
2016-09-12,49.0,17.0,22.0,85.0,14.0,85.0
2016-09-13,54.0,11.0,43.0,85.0,4.0,85.0
2016-09-14,91.0,26.0,11.0,71.0,14.0,91.0
2016-09-15,46.0,19.0,21.0,146.0,13.0,146.0
2016-09-16,86.0,40.0,34.0,67.0,23.0,86.0
2016-09-17,50.0,17.0,23.0,69.0,17.0,69.0
2016-09-18,46.0,17.0,24.0,96.0,13.0,96.0
2016-09-19,57.0,8.0,52.0,64.0,7.0,64.0
2016-09-20,59.0,18.0,36.0,87.0,18.0,87.0
2016-09-21,58.0,21.0,11.0,69.0,13.0,69.0
2016-09-22,43.0,23.0,21.0,60.0,9.0,60.0
2016-09-23,51.0,22.0,16.0,57.0,12.0,57.0
2016-09-25,55.0,30.0,31.0,71.0,12.0,71.0
2016-09-26,42.0,21.0,22.0,69.0,9.0,69.0
2016-09-27,59.0,24.0,28.0,95.0,18.0,95.0
2016-09-28,59.0,23.0,15.0,62.0,10.0,62.0
2016-09-29,54.0,26.0,13.0,96.0,9.0,96.0
2016-09-30,51.0,26.0,19.0,58.0,8.0,58.0
2016-10-01,51.0,20.0,28.0,62.0,16.0,62.0
2016-10-02,54.0,25.0,10.0,40.0,4.0,54.0
2016-10-04,59.0,11.0,56.0,126.0,6.0,126.0
2016-10-05,59.0,24.0,45.0,203.0,22.0,203.0
2016-10-06,51.0,21.0,27.0,157.0,20.0,157.0
2016-10-07,60.0,23.0,29.0,136.0,15.0,136.0
2016-10-08,47.0,18.0,26.0,82.0,18.0,82.0
2016-10-09,52.0,22.0,31.0,100.0,13.0,100.0
2016-10-10,62.0,34.0,32.0,100.0,22.0,100.0
2016-10-11,58.0,10.0,56.0,72.0,9.0,72.0
2016-10-12,71.0,30.0,37.0,16.0,4.0,71.0
2016-10-13,74.0,24.0,23.0,63.0,8.0,74.0
2016-10-14,57.0,9.0,83.0,28.0,4.0,83.0
2016-10-15,36.0,28.0,13.0,62.0,9.0,62.0
2016-10-16,52.0,27.0,14.0,60.0,9.0,60.0
2016-10-17,54.0,27.0,13.0,122.0,6.0,122.0
2016-10-18,58.0,12.0,37.0,115.0,7.0,115.0
2016-10-19,54.0,27.0,9.0,80.0,7.0,80.0
2016-10-20,64.0,10.0,42.0,95.0,5.0,95.0
2016-10-21,65.0,25.0,28.0,105.0,17.0,105.0
2016-10-22,87.0,30.0,39.0,25.0,5.0,87.0
2016-10-23,36.0,25.0,8.0,57.0,6.0,57.0
2016-10-24,42.0,9.0,50.0,145.0,5.0,145.0
2016-10-25,56.0,26.0,26.0,100.0,11.0,100.0
2016-10-26,51.0,28.0,12.0,133.0,10.0,133.0
2016-10-27,56.0,28.0,13.0,133.0,8.0,133.0
2016-10-28,53.0,22.0,29.0,120.0,13.0,120.0
2016-10-29,53.0,35.0,36.0,85.0,20.0,85.0
2016-10-30,52.0,34.0,34.0,101.0,10.0,101.0
2016-10-31,39.0,22.0,22.0,119.0,17.0,119.0
2016-11-01,51.0,26.0,11.0,59.0,6.0,59.0
2016-11-02,35.0,19.0,25.0,49.0,10.0,49.0
2016-11-03,37.0,21.0,21.0,73.0,12.0,73.0
2016-11-04,61.0,29.0,27.0,126.0,16.0,126.0
2016-11-05,69.0,25.0,28.0,150.0,18.0,150.0
2016-11-06,87.0,13.0,65.0,172.0,6.0,172.0
2016-11-07,59.0,10.0,46.0,136.0,6.0,136.0
2016-11-08,65.0,23.0,25.0,75.0,25.0,75.0
2016-11-09,58.0,25.0,22.0,143.0,14.0,143.0
2016-11-10,56.0,28.0,22.0,116.0,17.0,116.0
2016-11-11,70.0,34.0,28.0,123.0,25.0,123.0
2016-11-12,59.0,43.0,29.0,93.0,16.0,93.0
2016-11-13,35.0,21.0,30.0,65.0,20.0,65.0
2016-11-14,39.0,28.0,10.0,120.0,8.0,120.0
2016-11-15,40.0,21.0,28.0,77.0,11.0,77.0
2016-11-16,42.0,28.0,20.0,139.0,8.0,139.0
2016-11-17,47.0,29.0,11.0,106.0,10.0,106.0
2016-11-18,74.0,24.0,23.0,48.0,15.0,74.0
2016-11-19,12.0,10.0,56.0,81.0,5.0,81.0
2016-11-20,11.0,9.0,40.0,63.0,4.0,63.0
2016-11-21,50.0,29.0,25.0,65.0,15.0,65.0
2016-11-22,26.0,10.0,42.0,121.0,4.0,121.0
2016-11-23,63.0,26.0,32.0,148.0,21.0,148.0
2016-11-24,65.0,29.0,33.0,82.0,17.0,82.0
2016-11-25,51.0,28.0,11.0,34.0,5.0,51.0
2016-11-26,63.0,34.0,15.0,86.0,10.0,86.0
2016-11-27,93.0,24.0,41.0,50.0,9.0,93.0
2016-11-28,82.0,24.0,26.0,45.0,14.0,82.0
2016-11-29,42.0,24.0,17.0,70.0,10.0,70.0
2016-11-30,66.0,33.0,13.0,60.0,9.0,66.0
2016-12-01,65.0,25.0,23.0,28.0,14.0,65.0
2016-12-02,23.0,22.0,17.0,43.0,5.0,43.0
2016-12-03,22.0,22.0,21.0,34.0,8.0,34.0
2016-12-04,38.0,31.0,17.0,7.0,1.0,38.0
2016-12-05,16.0,22.0,19.0,36.0,6.0,36.0
2016-12-06,27.0,29.0,8.0,42.0,4.0,42.0
2016-12-07,32.0,24.0,19.0,56.0,7.0,56.0
2016-12-08,55.0,29.0,18.0,74.0,5.0,74.0
2016-12-09,55.0,29.0,10.0,30.0,5.0,55.0
2016-12-10,48.0,25.0,15.0,21.0,7.0,48.0
2016-12-11,35.0,29.0,10.0,50.0,4.0,50.0
2016-12-12,28.0,17.0,15.0,54.0,9.0,54.0
2016-12-13,47.0,25.0,11.0,20.0,8.0,47.0
2016-12-14,38.0,15.0,8.0,53.0,20.0,53.0
2016-12-16,27.0,17.0,9.0,39.0,8.0,39.0
2016-12-17,31.0,16.0,7.0,40.0,11.0,40.0
2016-12-18,29.0,16.0,16.0,48.0,13.0,48.0
2016-12-19,28.0,17.0,7.0,37.0,12.0,37.0
2016-12-20,22.0,15.0,5.0,34.0,4.0,34.0
2016-12-21,23.0,15.0,5.0,37.0,5.0,37.0
2016-12-22,22.0,16.0,6.0,34.0,5.0,34.0
2016-12-23,19.0,29.0,3.0,34.0,1.0,34.0
2016-12-24,20.0,16.0,4.0,39.0,4.0,39.0
2016-12-25,17.0,16.0,4.0,42.0,5.0,42.0
2016-12-28,28.0,18.0,5.0,41.0,6.0,41.0
2016-12-29,30.0,29.0,7.0,41.0,3.0,41.0
2016-12-30,66.0,31.0,17.0,41.0,7.0,66.0
2016-12-31,45.0,19.0,13.0,59.0,14.0,59.0
2017-01-01,73.0,31.0,19.0,33.0,5.0,73.0
2017-01-03,32.0,18.0,7.0,55.0,10.0,55.0
2017-01-04,51.0,26.0,13.0,87.0,7.0,87.0
2017-01-05,54.0,30.0,16.0,68.0,9.0,68.0
2017-01-06,34.0,30.0,9.0,65.0,8.0,65.0
2017-01-07,32.0,26.0,11.0,67.0,5.0,67.0
2017-01-08,43.0,28.0,14.0,54.0,5.0,54.0
2017-01-09,30.0,31.0,6.0,68.0,4.0,68.0
2017-01-10,42.0,23.0,11.0,83.0,16.0,83.0
2017-01-11,33.0,18.0,11.0,65.0,20.0,65.0
2017-01-12,29.0,18.0,12.0,65.0,19.0,65.0
2017-01-13,29.0,32.0,19.0,12.0,1.0,32.0
2017-01-14,22.0,31.0,17.0,13.0,1.0,31.0
2017-01-15,13.0,17.0,8.0,42.0,7.0,42.0
2017-01-16,17.0,17.0,7.0,34.0,6.0,34.0
2017-01-17,18.0,18.0,30.0,48.0,14.0,48.0
2017-01-18,26.0,29.0,7.0,30.0,4.0,30.0
2017-01-20,22.0,18.0,5.0,30.0,6.0,30.0
2017-01-21,47.0,32.0,10.0,55.0,4.0,55.0
2017-01-22,63.0,27.0,9.0,35.0,4.0,63.0
2017-01-24,32.0,22.0,7.0,34.0,15.0,34.0
2017-01-25,26.0,20.0,7.0,34.0,15.0,34.0
2017-01-26,39.0,32.0,7.0,53.0,3.0,53.0
2017-01-27,57.0,33.0,13.0,60.0,8.0,60.0
2017-01-28,26.0,22.0,9.0,49.0,10.0,49.0
2017-01-29,31.0,20.0,5.0,48.0,10.0,48.0
2017-01-30,30.0,31.0,14.0,54.0,2.0,54.0
2017-01-31,6.0,11.0,26.0,42.0,7.0,42.0
2017-02-01,26.0,32.0,9.0,44.0,4.0,44.0
2017-02-04,20.0,20.0,9.0,38.0,7.0,38.0
2017-02-06,22.0,18.0,6.0,34.0,7.0,34.0
2017-02-07,39.0,6.0,20.0,22.0,2.0,39.0
2017-02-09,41.0,6.0,20.0,22.0,2.0,41.0
2017-02-10,28.0,17.0,11.0,44.0,12.0,44.0
2017-02-11,27.0,31.0,8.0,45.0,4.0,45.0
2017-02-12,25.0,16.0,5.0,44.0,12.0,44.0
2017-02-13,37.0,31.0,10.0,56.0,7.0,56.0
2017-02-14,34.0,32.0,19.0,58.0,8.0,58.0
2017-02-15,7.0,18.0,36.0,54.0,10.0,54.0
2017-02-16,25.0,31.0,7.0,55.0,6.0,55.0
2017-02-17,61.0,29.0,22.0,37.0,7.0,61.0
2017-02-18,68.0,7.0,25.0,30.0,4.0,68.0
2017-02-20,60.0,31.0,20.0,36.0,8.0,60.0
2017-02-21,8.0,15.0,70.0,46.0,20.0,70.0
2017-02-22,47.0,27.0,13.0,130.0,21.0,130.0
2017-02-23,54.0,29.0,18.0,114.0,8.0,114.0
2017-02-24,41.0,31.0,15.0,106.0,7.0,106.0
2017-02-25,39.0,19.0,15.0,90.0,26.0,90.0
2017-02-26,39.0,31.0,14.0,123.0,11.0,123.0
2017-02-27,32.0,31.0,9.0,81.0,4.0,81.0
2017-02-28,55.0,31.0,22.0,98.0,11.0,98.0
2017-03-01,58.0,32.0,16.0,83.0,8.0,83.0
2017-03-02,49.0,35.0,24.0,75.0,6.0,75.0
2017-03-03,51.0,31.0,20.0,66.0,8.0,66.0
2017-03-04,34.0,31.0,17.0,112.0,6.0,112.0
2017-03-05,48.0,32.0,16.0,107.0,9.0,107.0
2017-03-06,47.0,32.0,10.0,63.0,5.0,63.0
2017-03-07,49.0,32.0,16.0,69.0,10.0,69.0
2017-03-08,25.0,7.0,22.0,84.0,4.0,84.0
2017-03-09,51.0,24.0,12.0,119.0,16.0,119.0
2017-03-10,68.0,32.0,21.0,81.0,11.0,81.0
2017-03-11,61.0,32.0,19.0,120.0,10.0,120.0
2017-03-12,61.0,32.0,21.0,84.0,9.0,84.0
2017-03-13,51.0,18.0,15.0,81.0,24.0,81.0
2017-03-14,66.0,25.0,13.0,74.0,25.0,74.0
2017-03-15,61.0,33.0,8.0,40.0,5.0,61.0
2017-03-16,45.0,20.0,10.0,136.0,12.0,136.0
2017-03-17,61.0,18.0,40.0,99.0,13.0,99.0
2017-03-18,50.0,20.0,20.0,64.0,23.0,64.0
2017-03-19,47.0,23.0,16.0,84.0,20.0,84.0
2017-03-20,32.0,15.0,11.0,48.0,7.0,48.0
2017-03-21,51.0,13.0,23.0,32.0,3.0,51.0
2017-03-22,47.0,40.0,11.0,53.0,9.0,53.0
2017-03-23,53.0,42.0,24.0,65.0,11.0,65.0
2017-03-24,66.0,50.0,44.0,125.0,8.0,125.0
2017-03-25,58.0,43.0,15.0,73.0,7.0,73.0
2017-03-26,66.0,32.0,39.0,47.0,6.0,66.0
2017-03-27,50.0,47.0,13.0,83.0,9.0,83.0
2017-03-28,68.0,23.0,18.0,85.0,16.0,85.0
2017-03-29,54.0,23.0,21.0,77.0,11.0,77.0
2017-03-30,45.0,32.0,14.0,48.0,6.0,48.0
2017-03-31,31.0,38.0,4.0,34.0,2.0,38.0
2017-04-01,39.0,17.0,12.0,110.0,10.0,110.0
2017-04-02,51.0,19.0,20.0,96.0,15.0,96.0
2017-04-03,33.0,32.0,13.0,61.0,8.0,61.0
2017-04-04,40.0,17.0,24.0,150.0,19.0,150.0
2017-04-05,53.0,32.0,30.0,41.0,7.0,53.0
2017-04-06,33.0,10.0,16.0,6.0,2.0,33.0
2017-04-07,40.0,12.0,17.0,57.0,3.0,57.0
2017-04-08,17.0,8.0,16.0,38.0,1.0,38.0
2017-04-09,23.0,33.0,6.0,31.0,3.0,33.0
2017-04-10,65.0,23.0,18.0,113.0,21.0,113.0
2017-04-11,66.0,29.0,14.0,132.0,29.0,132.0
2017-04-12,21.0,34.0,9.0,110.0,11.0,110.0
2017-04-13,21.0,34.0,9.0,108.0,12.0,108.0
2017-04-14,31.0,34.0,15.0,81.0,8.0,81.0
2017-04-15,34.0,34.0,12.0,82.0,7.0,82.0
2017-04-16,46.0,34.0,17.0,91.0,6.0,91.0
2017-04-17,33.0,38.0,11.0,92.0,7.0,92.0
2017-04-18,69.0,26.0,13.0,113.0,17.0,113.0
2017-04-19,63.0,18.0,60.0,139.0,16.0,139.0
2017-04-20,59.0,45.0,21.0,140.0,20.0,140.0
2017-04-21,62.0,16.0,38.0,127.0,11.0,127.0
2017-04-22,61.0,34.0,10.0,88.0,10.0,88.0
2017-04-23,41.0,35.0,17.0,123.0,6.0,123.0
2017-04-24,46.0,36.0,8.0,95.0,12.0,95.0
2017-04-25,93.0,34.0,18.0,38.0,8.0,93.0
2017-04-26,57.0,34.0,6.0,36.0,8.0,57.0
2017-04-27,61.0,11.0,33.0,82.0,6.0,82.0
2017-04-28,52.0,26.0,16.0,88.0,24.0,88.0
2017-04-29,54.0,40.0,9.0,28.0,10.0,54.0
2017-04-30,56.0,23.0,17.0,139.0,14.0,139.0
2017-05-01,55.0,17.0,1.0,104.0,15.0,104.0
2017-05-02,39.0,33.0,16.0,85.0,5.0,85.0
2017-05-03,52.0,34.0,27.0,112.0,10.0,112.0
2017-05-04,52.0,14.0,1.0,96.0,11.0,96.0
2017-05-05,37.0,34.0,13.0,94.0,6.0,94.0
2017-05-06,45.0,35.0,14.0,71.0,11.0,71.0
2017-05-07,42.0,35.0,17.0,74.0,8.0,74.0
2017-05-08,45.0,35.0,16.0,83.0,8.0,83.0
2017-05-09,58.0,35.0,18.0,77.0,8.0,77.0
2017-05-11,68.0,22.0,24.0,125.0,17.0,125.0
2017-05-12,87.0,35.0,18.0,117.0,9.0,117.0
2017-05-13,59.0,35.0,10.0,105.0,12.0,105.0
2017-05-14,60.0,35.0,9.0,92.0,6.0,92.0
2017-05-15,66.0,38.0,13.0,115.0,11.0,115.0
2017-05-16,67.0,36.0,13.0,108.0,7.0,108.0
2017-05-18,52.0,17.0,37.0,124.0,13.0,124.0
2017-05-19,69.0,18.0,61.0,126.0,18.0,126.0
2017-05-20,68.0,36.0,12.0,111.0,7.0,111.0
2017-05-21,61.0,36.0,9.0,89.0,7.0,89.0
2017-05-22,59.0,37.0,7.0,98.0,9.0,98.0
2017-05-23,52.0,18.0,36.0,109.0,15.0,109.0
2017-05-24,76.0,38.0,11.0,102.0,11.0,102.0
2017-05-26,72.0,35.0,15.0,151.0,12.0,151.0
2017-05-27,78.0,37.0,9.0,164.0,9.0,164.0
2017-05-28,61.0,38.0,6.0,79.0,5.0,79.0
2017-05-31,56.0,15.0,17.0,26.0,3.0,56.0
2017-06-01,41.0,11.0,20.0,23.0,3.0,41.0
2017-06-02,46.0,35.0,11.0,79.0,7.0,79.0
2017-06-03,72.0,37.0,14.0,105.0,7.0,105.0
2017-06-04,65.0,36.0,13.0,95.0,7.0,95.0
2017-06-05,57.0,35.0,9.0,98.0,7.0,98.0
2017-06-06,49.0,36.0,6.0,84.0,6.0,84.0
2017-06-07,54.0,38.0,6.0,95.0,8.0,95.0
2017-06-09,58.0,39.0,8.0,75.0,7.0,75.0
2017-06-10,58.0,37.0,8.0,86.0,6.0,86.0
2017-06-11,104.0,35.0,15.0,62.0,9.0,104.0
2017-06-12,57.0,35.0,8.0,79.0,7.0,79.0
2017-06-13,60.0,18.0,46.0,90.0,17.0,90.0
2017-06-14,55.0,35.0,8.0,96.0,7.0,96.0
2017-06-18,50.0,23.0,12.0,93.0,12.0,93.0
2017-06-19,55.0,33.0,10.0,120.0,12.0,120.0
2017-06-20,54.0,29.0,6.0,140.0,11.0,140.0
2017-06-26,22.0,44.0,8.0,29.0,3.0,44.0
2017-06-27,18.0,11.0,2.0,51.0,4.0,51.0
2017-06-28,37.0,11.0,12.0,68.0,7.0,68.0
2017-06-29,30.0,11.0,6.0,73.0,5.0,73.0
2017-06-30,24.0,24.0,8.0,63.0,6.0,63.0
2017-07-01,35.0,11.0,8.0,69.0,4.0,69.0
2017-07-02,57.0,11.0,3.0,62.0,5.0,62.0
2017-07-03,46.0,12.0,3.0,60.0,4.0,60.0
2017-07-04,51.0,12.0,3.0,85.0,6.0,85.0
2017-07-05,51.0,18.0,29.0,86.0,14.0,86.0
2017-07-06,55.0,11.0,5.0,93.0,6.0,93.0
2017-07-07,76.0,30.0,13.0,143.0,14.0,143.0
2017-07-08,83.0,29.0,25.0,108.0,22.0,108.0
2017-07-09,51.0,18.0,33.0,93.0,11.0,93.0
2017-07-10,35.0,26.0,12.0,73.0,11.0,73.0
2017-07-11,40.0,12.0,2.0,74.0,5.0,74.0
2017-07-12,50.0,28.0,10.0,92.0,16.0,92.0
2017-07-13,51.0,12.0,3.0,123.0,5.0,123.0
2017-07-14,62.0,12.0,4.0,143.0,7.0,143.0
2017-07-15,73.0,30.0,18.0,47.0,16.0,73.0
2017-07-16,67.0,12.0,10.0,94.0,8.0,94.0
2017-07-17,58.0,35.0,11.0,120.0,14.0,120.0
2017-07-18,65.0,12.0,14.0,114.0,13.0,114.0
2017-07-19,69.0,25.0,41.0,153.0,15.0,153.0
2017-07-20,68.0,12.0,4.0,122.0,15.0,122.0
2017-07-21,58.0,32.0,11.0,145.0,21.0,145.0
2017-07-22,54.0,12.0,4.0,155.0,8.0,155.0
2017-07-24,50.0,16.0,40.0,94.0,16.0,94.0
2017-07-26,57.0,12.0,4.0,94.0,8.0,94.0
2017-07-27,55.0,19.0,38.0,118.0,15.0,118.0
2017-07-28,48.0,12.0,2.0,94.0,8.0,94.0
2017-07-29,33.0,12.0,2.0,71.0,3.0,71.0
2017-07-30,42.0,17.0,38.0,88.0,14.0,88.0
2017-08-01,57.0,33.0,9.0,76.0,16.0,76.0
2017-08-02,49.0,12.0,4.0,94.0,6.0,94.0
2017-08-04,55.0,12.0,3.0,104.0,6.0,104.0
2017-08-05,69.0,12.0,5.0,94.0,14.0,94.0
2017-08-06,66.0,12.0,2.0,116.0,9.0,116.0
2017-08-07,84.0,12.0,3.0,94.0,9.0,94.0
2017-08-09,68.0,34.0,19.0,153.0,17.0,153.0
2017-08-10,49.0,12.0,7.0,107.0,10.0,107.0
2017-08-11,57.0,12.0,23.0,128.0,11.0,128.0
2017-08-12,72.0,13.0,27.0,97.0,14.0,97.0
2017-08-13,62.0,12.0,14.0,101.0,5.0,101.0
2017-08-14,58.0,15.0,25.0,118.0,5.0,118.0
2017-08-15,68.0,12.0,21.0,120.0,11.0,120.0
2017-08-16,59.0,13.0,15.0,134.0,10.0,134.0
2017-08-17,53.0,13.0,12.0,125.0,11.0,125.0
2017-08-18,61.0,13.0,12.0,129.0,6.0,129.0
2017-08-19,56.0,13.0,10.0,81.0,4.0,81.0
2017-08-20,47.0,18.0,30.0,88.0,4.0,88.0
2017-08-21,58.0,13.0,12.0,90.0,5.0,90.0
2017-08-22,62.0,13.0,20.0,137.0,10.0,137.0
2017-08-24,57.0,13.0,10.0,71.0,5.0,71.0
2017-08-25,51.0,13.0,10.0,81.0,5.0,81.0
2017-08-26,63.0,14.0,15.0,71.0,8.0,71.0
2017-08-29,59.0,13.0,14.0,154.0,5.0,154.0
2017-08-30,52.0,13.0,13.0,85.0,12.0,85.0
2017-08-31,58.0,14.0,14.0,82.0,5.0,82.0
2017-09-01,56.0,13.0,11.0,76.0,8.0,76.0
2017-09-02,53.0,13.0,10.0,92.0,4.0,92.0
2017-09-03,107.0,51.0,19.0,57.0,10.0,107.0
2017-09-04,73.0,14.0,18.0,157.0,7.0,157.0
2017-09-05,57.0,37.0,8.0,92.0,12.0,92.0
2017-09-06,46.0,13.0,14.0,88.0,5.0,88.0
2017-09-07,68.0,13.0,30.0,74.0,7.0,74.0
2017-09-08,64.0,14.0,14.0,79.0,7.0,79.0
2017-09-09,59.0,14.0,14.0,96.0,8.0,96.0
2017-09-10,53.0,40.0,9.0,99.0,12.0,99.0
2017-09-11,56.0,17.0,20.0,95.0,4.0,95.0
2017-09-12,57.0,13.0,13.0,107.0,5.0,107.0
2017-09-13,59.0,46.0,17.0,145.0,21.0,145.0
2017-09-14,72.0,15.0,20.0,140.0,10.0,140.0
2017-09-15,64.0,14.0,20.0,144.0,10.0,144.0
2017-09-16,75.0,52.0,16.0,57.0,12.0,75.0
2017-09-17,53.0,19.0,15.0,78.0,3.0,78.0
2017-09-18,55.0,14.0,13.0,72.0,8.0,72.0
2017-09-19,67.0,14.0,13.0,88.0,7.0,88.0
2017-09-20,57.0,14.0,11.0,121.0,15.0,121.0
2017-09-21,63.0,14.0,13.0,100.0,10.0,100.0
2017-09-22,67.0,14.0,16.0,161.0,7.0,161.0
2017-09-23,63.0,20.0,21.0,137.0,7.0,137.0
2017-09-24,59.0,42.0,10.0,103.0,16.0,103.0
2017-09-25,50.0,13.0,12.0,109.0,6.0,109.0
2017-09-26,51.0,13.0,17.0,77.0,5.0,77.0
2017-09-27,62.0,18.0,27.0,30.0,6.0,62.0
2017-09-28,62.0,45.0,34.0,121.0,18.0,121.0
2017-09-29,61.0,13.0,18.0,132.0,9.0,132.0
2017-09-30,40.0,13.0,14.0,76.0,7.0,76.0
2017-10-01,49.0,42.0,13.0,81.0,12.0,81.0
2017-10-02,38.0,13.0,20.0,83.0,7.0,83.0
2017-10-03,38.0,13.0,16.0,84.0,10.0,84.0
2017-10-04,42.0,13.0,11.0,108.0,9.0,108.0
2017-10-05,53.0,13.0,17.0,77.0,7.0,77.0
2017-10-06,53.0,13.0,15.0,87.0,8.0,87.0
2017-10-07,52.0,14.0,15.0,134.0,5.0,134.0
2017-10-08,41.0,15.0,11.0,97.0,6.0,97.0
2017-10-10,58.0,51.0,27.0,82.0,14.0,82.0
2017-10-14,36.0,18.0,19.0,107.0,5.0,107.0
2017-10-16,41.0,46.0,8.0,84.0,18.0,84.0
2017-10-17,42.0,48.0,10.0,134.0,18.0,134.0
2017-10-19,57.0,52.0,16.0,86.0,14.0,86.0
2017-10-24,51.0,52.0,10.0,110.0,8.0,110.0
2017-10-25,52.0,52.0,9.0,93.0,10.0,93.0
2017-10-26,52.0,50.0,12.0,68.0,17.0,68.0
2017-10-31,43.0,13.0,14.0,119.0,6.0,119.0
2017-11-02,70.0,51.0,15.0,138.0,18.0,138.0
2017-11-07,32.0,15.0,16.0,56.0,10.0,56.0
2017-11-09,45.0,49.0,11.0,75.0,16.0,75.0
2017-11-10,52.0,53.0,10.0,106.0,11.0,106.0
2017-11-11,56.0,20.0,24.0,150.0,5.0,150.0
2017-11-12,48.0,52.0,9.0,99.0,9.0,99.0
2017-11-13,49.0,48.0,12.0,66.0,19.0,66.0
2017-11-14,41.0,14.0,19.0,99.0,7.0,99.0
2017-11-15,37.0,14.0,17.0,121.0,12.0,121.0
2017-11-16,54.0,26.0,27.0,125.0,6.0,125.0
2017-11-17,51.0,53.0,20.0,126.0,18.0,126.0
2017-11-18,53.0,21.0,31.0,110.0,10.0,110.0
2017-11-19,56.0,18.0,36.0,85.0,8.0,85.0
2017-11-20,48.0,21.0,20.0,128.0,5.0,128.0
2017-11-21,51.0,19.0,35.0,153.0,6.0,153.0
2017-11-22,65.0,53.0,13.0,117.0,10.0,117.0
2017-11-23,70.0,55.0,16.0,71.0,20.0,71.0
2017-11-24,32.0,53.0,6.0,32.0,18.0,53.0
2017-11-25,29.0,53.0,7.0,29.0,7.0,53.0
2017-11-26,25.0,53.0,6.0,27.0,6.0,53.0
2017-11-27,19.0,53.0,7.0,18.0,7.0,53.0
2017-11-28,18.0,53.0,8.0,18.0,7.0,53.0
2017-11-29,24.0,53.0,7.0,37.0,15.0,53.0
2017-11-30,27.0,53.0,13.0,23.0,13.0,53.0
2017-12-01,17.0,49.0,8.0,17.0,8.0,49.0
2017-12-02,34.0,49.0,11.0,16.0,7.0,49.0
2017-12-03,31.0,49.0,9.0,29.0,7.0,49.0
2017-12-04,22.0,50.0,6.0,29.0,5.0,50.0
2017-12-05,25.0,50.0,8.0,38.0,7.0,50.0
2017-12-06,37.0,51.0,10.0,95.0,21.0,95.0
2017-12-07,16.0,14.0,13.0,77.0,5.0,77.0
2017-12-08,10.0,14.0,8.0,77.0,3.0,77.0
2017-12-09,9.0,15.0,7.0,73.0,4.0,73.0
2017-12-10,24.0,51.0,6.0,25.0,6.0,51.0
2017-12-11,29.0,51.0,9.0,30.0,11.0,51.0
2017-12-12,5.0,14.0,15.0,46.0,3.0,46.0
2017-12-13,21.0,51.0,23.0,19.0,7.0,51.0
2017-12-14,25.0,14.0,13.0,59.0,3.0,59.0
2017-12-15,34.0,51.0,9.0,31.0,18.0,51.0
2017-12-16,63.0,29.0,14.0,38.0,7.0,63.0
2017-12-17,25.0,51.0,11.0,25.0,7.0,51.0
2017-12-18,24.0,52.0,8.0,25.0,7.0,52.0
2017-12-19,22.0,52.0,7.0,33.0,11.0,52.0
2017-12-20,26.0,52.0,7.0,30.0,12.0,52.0
2017-12-22,29.0,52.0,19.0,30.0,12.0,52.0
2017-12-23,30.0,52.0,11.0,56.0,9.0,56.0
2017-12-26,13.0,14.0,9.0,40.0,2.0,40.0
2017-12-29,36.0,20.0,22.0,84.0,8.0,84.0
2017-12-30,52.0,19.0,21.0,81.0,7.0,81.0
2017-12-31,63.0,33.0,25.0,36.0,9.0,63.0
2018-01-01,76.0,31.0,31.0,33.0,6.0,76.0
2018-01-02,17.0,16.0,7.0,39.0,3.0,39.0
2018-01-03,15.0,16.0,15.0,101.0,8.0,101.0
2018-01-04,11.0,16.0,14.0,57.0,5.0,57.0
2018-01-05,44.0,32.0,12.0,18.0,6.0,44.0
2018-01-06,15.0,18.0,22.0,31.0,3.0,31.0
2018-01-07,18.0,19.0,7.0,46.0,4.0,46.0
2018-01-08,47.0,27.0,13.0,73.0,11.0,73.0
2018-01-09,42.0,17.0,12.0,63.0,6.0,63.0
2018-01-17,30.0,46.0,9.0,60.0,3.0,60.0
2018-01-18,33.0,47.0,13.0,56.0,4.0,56.0
2018-01-19,36.0,51.0,29.0,24.0,13.0,51.0
2018-01-20,24.0,51.0,7.0,29.0,5.0,51.0
2018-01-21,21.0,51.0,6.0,31.0,4.0,51.0
2018-01-22,20.0,52.0,7.0,25.0,3.0,52.0
2018-01-25,21.0,53.0,8.0,23.0,6.0,53.0
2018-01-26,18.0,53.0,7.0,19.0,5.0,53.0
2018-01-27,19.0,44.0,16.0,63.0,2.0,63.0
2018-01-28,34.0,55.0,9.0,33.0,6.0,55.0
2018-01-29,16.0,54.0,8.0,13.0,5.0,54.0
2018-01-30,17.0,41.0,22.0,41.0,2.0,41.0
2018-01-31,16.0,42.0,21.0,58.0,1.0,58.0
2018-02-01,34.0,43.0,32.0,73.0,3.0,73.0
2018-02-02,47.0,16.0,17.0,68.0,6.0,68.0
2018-02-03,35.0,38.0,21.0,59.0,3.0,59.0
2018-02-04,27.0,36.0,28.0,57.0,3.0,57.0
2018-02-05,24.0,35.0,28.0,66.0,3.0,66.0
2018-02-06,40.0,40.0,59.0,75.0,6.0,75.0
2018-02-07,37.0,38.0,38.0,89.0,4.0,89.0
2018-02-13,50.0,10.0,25.0,75.0,5.0,75.0
2018-02-14,44.0,11.0,27.0,80.0,6.0,80.0
2018-02-15,46.0,12.0,63.0,58.0,5.0,63.0
2018-02-16,19.0,7.0,17.0,68.0,3.0,68.0
2018-02-17,53.0,3.0,18.0,31.0,11.0,53.0
2018-02-18,28.0,10.0,23.0,80.0,2.0,80.0
2018-02-19,24.0,11.0,20.0,65.0,4.0,65.0
2018-02-20,52.0,32.0,35.0,62.0,7.0,62.0
2018-02-21,51.0,26.0,12.0,66.0,26.0,66.0
2018-02-22,52.0,14.0,66.0,38.0,5.0,66.0
2018-02-23,63.0,21.0,88.0,42.0,5.0,88.0
2018-02-24,47.0,16.0,12.0,76.0,5.0,76.0
2018-02-25,23.0,6.0,20.0,91.0,3.0,91.0
2018-02-26,31.0,10.0,33.0,80.0,4.0,80.0
2018-02-27,47.0,17.0,16.0,64.0,5.0,64.0
2018-02-28,56.0,18.0,22.0,80.0,13.0,80.0
2018-03-01,51.0,13.0,40.0,126.0,5.0,126.0
2018-03-02,47.0,29.0,13.0,146.0,17.0,146.0
2018-03-03,53.0,15.0,37.0,109.0,5.0,109.0
2018-03-04,56.0,13.0,64.0,194.0,5.0,194.0
2018-03-05,48.0,10.0,48.0,79.0,3.0,79.0
2018-03-06,63.0,18.0,16.0,103.0,7.0,103.0
2018-03-07,66.0,17.0,17.0,76.0,6.0,76.0
2018-03-08,33.0,13.0,47.0,107.0,3.0,107.0
2018-03-09,52.0,15.0,59.0,81.0,4.0,81.0
2018-03-10,60.0,18.0,24.0,54.0,8.0,60.0
2018-03-11,30.0,18.0,11.0,63.0,3.0,63.0
2018-03-12,26.0,15.0,12.0,46.0,4.0,46.0
2018-03-13,27.0,18.0,9.0,61.0,4.0,61.0
2018-03-15,68.0,37.0,22.0,136.0,30.0,136.0
2018-03-17,57.0,13.0,18.0,155.0,5.0,155.0
2018-03-21,44.0,25.0,19.0,87.0,14.0,87.0
2018-03-22,26.0,16.0,9.0,51.0,3.0,51.0
2018-03-23,64.0,14.0,49.0,94.0,4.0,94.0
2018-03-24,66.0,27.0,23.0,28.0,4.0,66.0
2018-03-25,24.0,24.0,10.0,64.0,19.0,64.0
2018-03-26,46.0,27.0,17.0,90.0,19.0,90.0
2018-03-27,34.0,22.0,8.0,94.0,7.0,94.0
2018-03-28,71.0,31.0,42.0,195.0,21.0,195.0
2018-03-29,55.0,34.0,12.0,129.0,15.0,129.0
2018-03-30,56.0,30.0,22.0,105.0,18.0,105.0
2018-04-02,33.0,15.0,8.0,57.0,1.0,57.0
2018-04-03,45.0,15.0,14.0,80.0,4.0,80.0
2018-04-04,14.0,15.0,8.0,96.0,4.0,96.0
2018-04-05,62.0,23.0,26.0,202.0,8.0,202.0
2018-04-06,45.0,17.0,10.0,144.0,5.0,144.0
2018-04-07,53.0,17.0,29.0,74.0,9.0,74.0
2018-04-09,33.0,16.0,13.0,85.0,7.0,85.0
2018-04-10,42.0,17.0,12.0,66.0,8.0,66.0
2018-04-13,41.0,20.0,8.0,121.0,4.0,121.0
2018-04-14,45.0,11.0,10.0,141.0,4.0,141.0
2018-04-15,57.0,11.0,15.0,168.0,3.0,168.0
2018-04-16,61.0,12.0,17.0,185.0,4.0,185.0
2018-04-17,60.0,10.0,15.0,142.0,6.0,142.0
2018-04-18,81.0,25.0,21.0,75.0,14.0,81.0
2018-04-19,68.0,13.0,24.0,133.0,6.0,133.0
2018-04-20,50.0,12.0,16.0,92.0,5.0,92.0
2018-04-21,66.0,14.0,27.0,162.0,6.0,162.0
2018-04-22,66.0,14.0,21.0,117.0,6.0,117.0
2018-04-23,51.0,10.0,19.0,84.0,5.0,84.0
2018-04-24,56.0,16.0,27.0,90.0,10.0,90.0
2018-04-27,62.0,15.0,12.0,35.0,16.0,62.0
2018-04-28,38.0,16.0,14.0,96.0,5.0,96.0
2018-04-29,65.0,13.0,20.0,120.0,5.0,120.0
2018-04-30,78.0,24.0,29.0,89.0,22.0,89.0
2018-05-01,56.0,20.0,10.0,101.0,5.0,101.0
2018-05-02,64.0,18.0,18.0,183.0,5.0,183.0
2018-05-03,75.0,20.0,22.0,166.0,5.0,166.0
2018-05-04,85.0,19.0,24.0,164.0,8.0,164.0
2018-05-05,78.0,19.0,22.0,137.0,6.0,137.0
2018-05-06,62.0,22.0,8.0,109.0,4.0,109.0
2018-05-07,56.0,23.0,11.0,77.0,6.0,77.0
2018-05-08,61.0,22.0,14.0,204.0,6.0,204.0
2018-05-09,67.0,20.0,15.0,156.0,6.0,156.0
2018-05-10,61.0,20.0,9.0,107.0,5.0,107.0
2018-05-11,62.0,23.0,12.0,83.0,5.0,83.0
2018-05-12,66.0,25.0,21.0,144.0,6.0,144.0
2018-05-13,78.0,18.0,23.0,131.0,5.0,131.0
2018-05-14,72.0,20.0,13.0,178.0,4.0,178.0
2018-05-15,84.0,20.0,25.0,143.0,5.0,143.0
2018-05-16,75.0,20.0,16.0,151.0,5.0,151.0
2018-05-17,56.0,16.0,14.0,80.0,7.0,80.0
2018-05-18,78.0,19.0,26.0,86.0,6.0,86.0
2018-05-19,54.0,16.0,11.0,102.0,4.0,102.0
2018-05-20,61.0,17.0,17.0,98.0,5.0,98.0
2018-05-21,60.0,17.0,17.0,185.0,4.0,185.0
2018-05-22,35.0,19.0,12.0,80.0,4.0,80.0
2018-05-23,44.0,20.0,7.0,74.0,4.0,74.0
2018-05-24,31.0,18.0,11.0,94.0,5.0,94.0
2018-05-25,66.0,22.0,17.0,92.0,7.0,92.0
2018-05-26,62.0,28.0,18.0,119.0,7.0,119.0
2018-05-27,61.0,21.0,17.0,156.0,6.0,156.0
2018-05-28,64.0,14.0,18.0,120.0,33.0,120.0
2018-05-29,69.0,26.0,21.0,118.0,6.0,118.0
2018-05-30,76.0,19.0,24.0,191.0,5.0,191.0
2018-06-01,65.0,18.0,30.0,115.0,7.0,115.0
2018-06-02,59.0,17.0,14.0,86.0,5.0,86.0
2018-06-03,62.0,19.0,13.0,145.0,4.0,145.0
2018-06-04,60.0,20.0,11.0,125.0,5.0,125.0
2018-06-05,52.0,24.0,10.0,146.0,4.0,146.0
2018-06-06,62.0,17.0,16.0,133.0,5.0,133.0
2018-06-07,61.0,19.0,21.0,179.0,6.0,179.0
2018-06-08,58.0,16.0,16.0,162.0,5.0,162.0
2018-06-09,74.0,17.0,34.0,167.0,9.0,167.0
2018-06-10,68.0,27.0,18.0,203.0,17.0,203.0
2018-06-11,74.0,18.0,6.0,169.0,14.0,169.0
2018-06-12,64.0,14.0,9.0,161.0,13.0,161.0
2018-06-13,56.0,13.0,27.0,163.0,5.0,163.0
2018-06-14,52.0,15.0,18.0,144.0,5.0,144.0
2018-06-15,54.0,12.0,7.0,161.0,7.0,161.0
2018-06-16,59.0,37.0,15.0,139.0,17.0,139.0
2018-06-17,46.0,20.0,11.0,88.0,3.0,88.0
2018-06-18,39.0,18.0,10.0,75.0,3.0,75.0
2018-06-19,44.0,19.0,13.0,97.0,3.0,97.0
2018-06-20,53.0,18.0,16.0,86.0,4.0,86.0
2018-06-21,47.0,16.0,11.0,70.0,3.0,70.0
2018-06-22,45.0,21.0,17.0,94.0,4.0,94.0
2018-06-23,81.0,27.0,14.0,29.0,7.0,81.0
2018-06-24,38.0,14.0,15.0,110.0,3.0,110.0
2018-06-25,25.0,14.0,11.0,100.0,3.0,100.0
2018-06-26,56.0,21.0,24.0,107.0,23.0,107.0
2018-06-27,51.0,16.0,23.0,136.0,6.0,136.0
2018-06-28,63.0,19.0,20.0,146.0,5.0,146.0
2018-06-29,58.0,24.0,16.0,213.0,6.0,213.0
2018-06-30,62.0,21.0,9.0,193.0,15.0,193.0
2018-07-01,70.0,21.0,26.0,205.0,6.0,205.0
2018-07-02,77.0,23.0,28.0,142.0,5.0,142.0
2018-07-03,76.0,18.0,14.0,166.0,16.0,166.0
2018-07-04,82.0,23.0,10.0,209.0,19.0,209.0
2018-07-05,59.0,19.0,16.0,123.0,5.0,123.0
2018-07-06,54.0,22.0,16.0,113.0,5.0,113.0
2018-07-07,72.0,24.0,32.0,104.0,9.0,104.0
2018-07-08,74.0,23.0,27.0,111.0,22.0,111.0
2018-07-09,65.0,19.0,17.0,116.0,5.0,116.0
2018-07-10,71.0,14.0,9.0,124.0,16.0,124.0
2018-07-11,63.0,17.0,10.0,129.0,20.0,129.0
2018-07-12,68.0,28.0,16.0,117.0,5.0,117.0
2018-07-13,70.0,20.0,11.0,107.0,18.0,107.0
2018-07-14,73.0,22.0,13.0,117.0,19.0,117.0
2018-07-15,54.0,16.0,4.0,129.0,11.0,129.0
2018-07-16,53.0,23.0,14.0,222.0,4.0,222.0
2018-07-17,64.0,26.0,20.0,205.0,6.0,205.0
2018-07-18,77.0,22.0,25.0,208.0,5.0,208.0
2018-07-19,74.0,22.0,19.0,188.0,6.0,188.0
2018-07-20,66.0,24.0,16.0,113.0,6.0,113.0
2018-07-21,60.0,24.0,14.0,151.0,4.0,151.0
2018-07-22,72.0,20.0,22.0,166.0,5.0,166.0
2018-07-23,56.0,22.0,18.0,191.0,6.0,191.0
2018-07-24,68.0,22.0,21.0,184.0,8.0,184.0
2018-07-25,73.0,24.0,23.0,153.0,7.0,153.0
2018-07-26,63.0,25.0,20.0,168.0,7.0,168.0
2018-07-27,67.0,23.0,19.0,197.0,6.0,197.0
2018-07-28,80.0,24.0,30.0,234.0,6.0,234.0
2018-07-29,77.0,22.0,23.0,202.0,5.0,202.0
2018-07-30,85.0,23.0,23.0,174.0,7.0,174.0
2018-07-31,79.0,22.0,22.0,156.0,8.0,156.0
2018-08-01,71.0,21.0,21.0,129.0,7.0,129.0
2018-08-02,59.0,19.0,17.0,207.0,4.0,207.0
2018-08-03,63.0,22.0,3.0,211.0,17.0,211.0
2018-08-04,50.0,23.0,13.0,194.0,4.0,194.0
2018-08-05,56.0,20.0,14.0,203.0,16.0,203.0
2018-08-06,60.0,21.0,10.0,202.0,23.0,202.0
2018-08-07,75.0,35.0,21.0,162.0,8.0,162.0
2018-08-08,88.0,28.0,28.0,144.0,8.0,144.0
2018-08-09,75.0,37.0,22.0,186.0,8.0,186.0
2018-08-10,56.0,21.0,9.0,165.0,17.0,165.0
2018-08-11,21.0,17.0,12.0,126.0,7.0,126.0
2018-08-12,58.0,27.0,20.0,127.0,5.0,127.0
2018-08-13,60.0,23.0,14.0,134.0,5.0,134.0
2018-08-14,59.0,24.0,19.0,151.0,6.0,151.0
2018-08-15,58.0,24.0,15.0,185.0,4.0,185.0
2018-08-16,72.0,28.0,17.0,140.0,6.0,140.0
2018-08-17,54.0,27.0,12.0,154.0,4.0,154.0
2018-08-18,59.0,23.0,14.0,143.0,4.0,143.0
2018-08-19,64.0,24.0,20.0,149.0,5.0,149.0
2018-08-20,59.0,25.0,19.0,101.0,6.0,101.0
2018-08-21,58.0,18.0,10.0,122.0,5.0,122.0
2018-08-22,56.0,23.0,14.0,164.0,3.0,164.0
2018-08-23,60.0,24.0,14.0,161.0,4.0,161.0
2018-08-24,67.0,27.0,22.0,110.0,7.0,110.0
2018-08-25,57.0,29.0,13.0,202.0,4.0,202.0
2018-08-26,59.0,25.0,16.0,131.0,7.0,131.0
2018-08-27,63.0,27.0,20.0,166.0,7.0,166.0
2018-08-28,59.0,25.0,15.0,182.0,6.0,182.0
2018-08-29,59.0,21.0,14.0,161.0,4.0,161.0
2018-08-30,75.0,27.0,16.0,153.0,13.0,153.0
2018-08-31,58.0,24.0,15.0,130.0,5.0,130.0
2018-09-01,61.0,25.0,18.0,145.0,5.0,145.0
2018-09-02,61.0,22.0,20.0,136.0,5.0,136.0
2018-09-03,44.0,20.0,19.0,175.0,6.0,175.0
2018-09-04,43.0,22.0,11.0,217.0,2.0,217.0
2018-09-05,46.0,21.0,11.0,140.0,3.0,140.0
2018-09-06,68.0,25.0,21.0,148.0,7.0,148.0
2018-09-07,60.0,24.0,17.0,147.0,5.0,147.0
2018-09-08,49.0,23.0,14.0,175.0,4.0,175.0
2018-09-09,58.0,22.0,20.0,126.0,6.0,126.0
2018-09-10,61.0,25.0,20.0,132.0,6.0,132.0
2018-09-11,59.0,25.0,16.0,102.0,6.0,102.0
2018-09-12,54.0,16.0,16.0,164.0,11.0,164.0
2018-09-13,56.0,39.0,14.0,190.0,5.0,190.0
2018-09-14,60.0,18.0,17.0,233.0,11.0,233.0
2018-09-15,62.0,19.0,16.0,196.0,10.0,196.0
2018-09-16,63.0,22.0,15.0,119.0,11.0,119.0
2018-09-17,56.0,25.0,16.0,83.0,5.0,83.0
2018-09-18,54.0,25.0,15.0,141.0,5.0,141.0
2018-09-19,48.0,25.0,13.0,85.0,4.0,85.0
2018-09-20,63.0,31.0,15.0,77.0,6.0,77.0
2018-09-21,80.0,33.0,18.0,34.0,11.0,80.0
2018-09-22,44.0,29.0,14.0,157.0,6.0,157.0
2018-09-23,71.0,28.0,29.0,130.0,6.0,130.0
2018-09-24,60.0,27.0,18.0,152.0,5.0,152.0
2018-09-25,68.0,29.0,24.0,197.0,7.0,197.0
2018-09-26,65.0,50.0,18.0,202.0,6.0,202.0
2018-09-27,59.0,37.0,17.0,146.0,5.0,146.0
2018-09-28,56.0,24.0,16.0,194.0,5.0,194.0
2018-09-29,54.0,30.0,15.0,165.0,4.0,165.0
2018-09-30,58.0,26.0,16.0,145.0,3.0,145.0
2018-10-01,55.0,26.0,17.0,124.0,4.0,124.0
2018-10-02,58.0,41.0,17.0,88.0,6.0,88.0
2018-10-03,53.0,30.0,14.0,144.0,6.0,144.0
2018-10-04,63.0,26.0,21.0,109.0,6.0,109.0
2018-10-05,51.0,29.0,11.0,146.0,5.0,146.0
2018-10-06,56.0,29.0,15.0,123.0,4.0,123.0
2018-10-07,58.0,29.0,16.0,128.0,4.0,128.0
2018-10-09,60.0,28.0,19.0,173.0,5.0,173.0
2018-10-10,61.0,29.0,17.0,190.0,7.0,190.0
2018-10-11,58.0,31.0,15.0,149.0,8.0,149.0
2018-10-12,60.0,35.0,16.0,118.0,10.0,118.0
2018-10-13,60.0,16.0,18.0,189.0,25.0,189.0
2018-10-14,59.0,29.0,16.0,138.0,9.0,138.0
2018-10-15,58.0,28.0,16.0,119.0,8.0,119.0
2018-10-16,58.0,29.0,16.0,210.0,7.0,210.0
2018-10-17,58.0,34.0,15.0,217.0,7.0,217.0
2018-10-18,56.0,34.0,13.0,207.0,5.0,207.0
2018-10-19,61.0,27.0,23.0,146.0,12.0,146.0
2018-10-20,57.0,31.0,15.0,212.0,6.0,212.0
2018-10-21,59.0,27.0,18.0,139.0,8.0,139.0
2018-10-22,54.0,28.0,15.0,150.0,7.0,150.0
2018-10-23,40.0,11.0,18.0,148.0,16.0,148.0
2018-10-24,73.0,31.0,31.0,139.0,21.0,139.0
2018-10-25,53.0,30.0,16.0,97.0,7.0,97.0
2018-10-26,67.0,27.0,20.0,119.0,21.0,119.0
2018-10-27,52.0,17.0,26.0,104.0,5.0,104.0
2018-10-28,43.0,17.0,20.0,90.0,3.0,90.0
2018-10-29,28.0,16.0,19.0,85.0,4.0,85.0
2018-10-30,50.0,17.0,25.0,104.0,4.0,104.0
2018-10-31,47.0,18.0,20.0,97.0,3.0,97.0
2018-11-01,71.0,22.0,22.0,95.0,16.0,95.0
2018-11-02,47.0,18.0,18.0,85.0,5.0,85.0
2018-11-03,76.0,29.0,23.0,173.0,14.0,173.0
2018-11-04,56.0,26.0,21.0,110.0,8.0,110.0
2018-11-05,48.0,16.0,23.0,101.0,3.0,101.0
2018-11-06,53.0,19.0,16.0,122.0,12.0,122.0
2018-11-07,54.0,28.0,18.0,96.0,7.0,96.0
2018-11-08,38.0,16.0,22.0,89.0,3.0,89.0
2018-11-09,43.0,16.0,22.0,98.0,4.0,98.0
2018-11-10,55.0,16.0,36.0,166.0,4.0,166.0
2018-11-11,54.0,17.0,35.0,104.0,4.0,104.0
2018-11-12,52.0,17.0,16.0,144.0,15.0,144.0
2018-11-13,56.0,15.0,15.0,129.0,23.0,129.0
2018-11-14,38.0,13.0,14.0,65.0,16.0,65.0
2018-11-15,27.0,12.0,6.0,51.0,8.0,51.0
2018-11-16,54.0,31.0,12.0,234.0,16.0,234.0
2018-11-17,65.0,36.0,11.0,145.0,16.0,145.0
2018-11-18,54.0,19.0,22.0,120.0,4.0,120.0
2018-11-19,75.0,21.0,31.0,90.0,4.0,90.0
2018-11-20,50.0,16.0,16.0,94.0,16.0,94.0
2018-11-21,66.0,31.0,14.0,163.0,22.0,163.0
2018-11-22,59.0,18.0,17.0,129.0,20.0,129.0
2018-11-23,66.0,27.0,14.0,203.0,18.0,203.0
2018-11-24,61.0,18.0,33.0,193.0,22.0,193.0
2018-11-25,52.0,18.0,21.0,77.0,3.0,77.0
2018-11-26,48.0,16.0,20.0,90.0,4.0,90.0
2018-11-27,54.0,16.0,28.0,126.0,4.0,126.0
2018-11-28,63.0,26.0,13.0,109.0,17.0,109.0
2018-11-29,48.0,18.0,21.0,76.0,3.0,76.0
2018-11-30,42.0,16.0,20.0,131.0,4.0,131.0
2018-12-01,60.0,16.0,27.0,112.0,3.0,112.0
2018-12-02,73.0,36.0,20.0,132.0,21.0,132.0
2018-12-03,65.0,25.0,17.0,97.0,20.0,97.0
2018-12-04,63.0,13.0,29.0,71.0,3.0,71.0
2018-12-05,55.0,15.0,26.0,81.0,22.0,81.0
2018-12-06,52.0,18.0,33.0,94.0,3.0,94.0
2018-12-07,33.0,17.0,29.0,134.0,5.0,134.0
2018-12-08,56.0,11.0,23.0,134.0,27.0,134.0
2018-12-09,58.0,18.0,12.0,104.0,19.0,104.0
2018-12-10,66.0,17.0,20.0,137.0,19.0,137.0
2018-12-11,73.0,16.0,35.0,123.0,34.0,123.0
2018-12-12,56.0,16.0,17.0,214.0,18.0,214.0
2018-12-13,51.0,14.0,14.0,117.0,26.0,117.0
2018-12-14,35.0,17.0,21.0,92.0,8.0,92.0
2018-12-15,23.0,11.0,5.0,47.0,6.0,47.0
2018-12-16,35.0,12.0,11.0,63.0,9.0,63.0
2018-12-17,31.0,13.0,8.0,128.0,12.0,128.0
2018-12-18,51.0,27.0,9.0,160.0,14.0,160.0
2018-12-19,60.0,26.0,17.0,195.0,17.0,195.0
2018-12-20,55.0,17.0,24.0,97.0,4.0,97.0
2018-12-21,41.0,18.0,19.0,64.0,3.0,64.0
2018-12-22,58.0,21.0,21.0,66.0,3.0,66.0
2018-12-26,28.0,12.0,5.0,69.0,2.0,69.0
2018-12-27,28.0,13.0,15.0,55.0,3.0,55.0
2018-12-29,22.0,11.0,2.0,50.0,1.0,50.0
2018-12-30,24.0,12.0,3.0,53.0,1.0,53.0
2018-12-31,44.0,13.0,6.0,43.0,2.0,44.0
2019-01-04,33.0,14.0,7.0,64.0,11.0,64.0
2019-01-05,54.0,11.0,10.0,40.0,3.0,54.0
2019-01-06,55.0,19.0,14.0,105.0,10.0,105.0
2019-01-07,71.0,11.0,16.0,132.0,8.0,132.0
2019-01-08,40.0,10.0,7.0,143.0,3.0,143.0
2019-01-09,61.0,15.0,28.0,198.0,8.0,198.0
2019-01-10,41.0,13.0,26.0,128.0,8.0,128.0
2019-01-11,54.0,12.0,18.0,91.0,4.0,91.0
2019-01-14,65.0,12.0,32.0,99.0,9.0,99.0
2019-01-15,72.0,10.0,18.0,53.0,10.0,72.0
2019-01-16,31.0,7.0,6.0,64.0,5.0,64.0
2019-01-20,60.0,11.0,25.0,82.0,12.0,82.0
2019-01-21,52.0,10.0,14.0,94.0,8.0,94.0
2019-01-22,23.0,9.0,12.0,92.0,8.0,92.0
2019-01-23,40.0,9.0,24.0,70.0,9.0,70.0
2019-01-24,36.0,9.0,13.0,81.0,9.0,81.0
2019-01-25,32.0,8.0,25.0,74.0,9.0,74.0
2019-01-26,63.0,19.0,33.0,118.0,15.0,118.0
2019-01-27,56.0,9.0,39.0,74.0,8.0,74.0
2019-01-28,53.0,9.0,25.0,77.0,6.0,77.0
2019-01-29,46.0,9.0,22.0,88.0,6.0,88.0
2019-01-30,24.0,18.0,22.0,73.0,9.0,73.0
2019-01-31,56.0,10.0,21.0,54.0,7.0,56.0
2019-02-01,61.0,20.0,47.0,93.0,9.0,93.0
2019-02-02,57.0,9.0,42.0,79.0,10.0,79.0
2019-02-03,55.0,10.0,28.0,95.0,8.0,95.0
2019-02-04,56.0,9.0,20.0,86.0,7.0,86.0
2019-02-05,57.0,9.0,36.0,80.0,6.0,80.0
2019-02-06,42.0,9.0,14.0,75.0,6.0,75.0
2019-02-07,70.0,39.0,30.0,47.0,19.0,70.0
2019-02-08,45.0,17.0,23.0,132.0,13.0,132.0
2019-02-09,57.0,18.0,20.0,144.0,9.0,144.0
2019-02-10,57.0,9.0,15.0,81.0,6.0,81.0
2019-02-11,34.0,9.0,11.0,71.0,6.0,71.0
2019-02-13,67.0,9.0,43.0,71.0,13.0,71.0
2019-02-14,53.0,9.0,35.0,91.0,12.0,91.0
2019-02-15,54.0,9.0,17.0,89.0,12.0,89.0
2019-02-16,42.0,9.0,10.0,111.0,6.0,111.0
2019-02-17,55.0,9.0,19.0,79.0,8.0,79.0
2019-02-18,44.0,12.0,14.0,88.0,8.0,88.0
2019-02-19,68.0,16.0,25.0,123.0,14.0,123.0
2019-02-20,63.0,22.0,22.0,70.0,12.0,70.0
2019-02-21,69.0,9.0,29.0,86.0,13.0,86.0
2019-02-22,48.0,11.0,18.0,77.0,9.0,77.0
2019-02-23,40.0,12.0,16.0,102.0,12.0,102.0
2019-02-24,56.0,9.0,25.0,88.0,13.0,88.0
2019-02-25,59.0,9.0,32.0,115.0,12.0,115.0
2019-02-26,50.0,10.0,21.0,88.0,13.0,88.0
2019-02-27,64.0,11.0,17.0,67.0,10.0,67.0
2019-02-28,40.0,10.0,12.0,98.0,7.0,98.0
2019-03-01,52.0,9.0,18.0,70.0,7.0,70.0
2019-03-02,45.0,10.0,25.0,62.0,11.0,62.0
2019-03-03,32.0,12.0,12.0,82.0,8.0,82.0
2019-03-04,55.0,11.0,20.0,104.0,13.0,104.0
2019-03-05,27.0,10.0,18.0,83.0,16.0,83.0
2019-03-06,54.0,9.0,24.0,60.0,18.0,60.0
2019-03-07,54.0,13.0,32.0,112.0,13.0,112.0
2019-03-08,78.0,11.0,37.0,155.0,14.0,155.0
2019-03-09,58.0,12.0,25.0,215.0,15.0,215.0
2019-03-10,60.0,26.0,16.0,164.0,19.0,164.0
2019-03-11,55.0,23.0,15.0,44.0,18.0,55.0
2019-03-12,40.0,10.0,13.0,51.0,6.0,51.0
2019-03-13,32.0,11.0,16.0,122.0,11.0,122.0
2019-03-14,53.0,14.0,29.0,162.0,15.0,162.0
2019-03-15,71.0,23.0,29.0,132.0,11.0,132.0
2019-03-16,57.0,13.0,43.0,128.0,11.0,128.0
2019-03-17,38.0,17.0,10.0,82.0,6.0,82.0
2019-03-18,52.0,9.0,13.0,65.0,6.0,65.0
2019-03-19,38.0,9.0,14.0,68.0,5.0,68.0
2019-03-20,26.0,16.0,7.0,65.0,3.0,65.0
2019-03-21,40.0,13.0,10.0,74.0,4.0,74.0
2019-03-22,42.0,19.0,17.0,58.0,5.0,58.0
2019-03-23,31.0,18.0,6.0,75.0,3.0,75.0
2019-03-24,17.0,14.0,5.0,55.0,2.0,55.0
2019-03-25,26.0,12.0,6.0,42.0,3.0,42.0
2019-03-26,61.0,18.0,19.0,89.0,8.0,89.0
2019-03-27,39.0,13.0,16.0,192.0,15.0,192.0
2019-03-28,51.0,15.0,24.0,130.0,17.0,130.0
2019-03-29,57.0,19.0,15.0,182.0,10.0,182.0
2019-03-30,51.0,18.0,19.0,190.0,13.0,190.0
2019-03-31,57.0,16.0,18.0,194.0,8.0,194.0
2019-04-01,61.0,14.0,26.0,167.0,15.0,167.0
2019-04-02,57.0,13.0,35.0,101.0,13.0,101.0
2019-04-03,62.0,15.0,42.0,146.0,14.0,146.0
2019-04-04,59.0,14.0,16.0,172.0,10.0,172.0
2019-04-05,51.0,14.0,18.0,83.0,11.0,83.0
2019-04-06,74.0,11.0,38.0,195.0,9.0,195.0
2019-04-07,66.0,15.0,35.0,243.0,10.0,243.0
2019-04-08,53.0,13.0,18.0,235.0,10.0,235.0
2019-04-09,51.0,12.0,17.0,127.0,10.0,127.0
2019-04-10,64.0,13.0,27.0,199.0,13.0,199.0
2019-04-11,62.0,12.0,15.0,153.0,8.0,153.0
2019-04-12,43.0,9.0,10.0,78.0,8.0,78.0
2019-04-13,32.0,9.0,7.0,62.0,9.0,62.0
2019-04-14,38.0,11.0,9.0,112.0,7.0,112.0
2019-04-15,54.0,11.0,19.0,122.0,10.0,122.0
2019-04-16,56.0,16.0,26.0,119.0,11.0,119.0
2019-04-17,60.0,22.0,27.0,80.0,9.0,80.0
2019-04-18,70.0,10.0,21.0,111.0,7.0,111.0
2019-04-19,60.0,22.0,13.0,31.0,5.0,60.0
2019-04-20,31.0,10.0,13.0,105.0,6.0,105.0
2019-04-21,60.0,10.0,27.0,110.0,8.0,110.0
2019-04-22,59.0,10.0,20.0,63.0,9.0,63.0
2019-04-23,59.0,11.0,12.0,73.0,8.0,73.0
2019-04-24,52.0,10.0,11.0,72.0,7.0,72.0
2019-04-25,58.0,9.0,40.0,85.0,11.0,85.0
2019-04-26,38.0,10.0,11.0,124.0,6.0,124.0
2019-04-27,45.0,10.0,25.0,90.0,9.0,90.0
2019-04-28,58.0,12.0,46.0,78.0,9.0,78.0
2019-04-29,49.0,10.0,24.0,130.0,11.0,130.0
2019-04-30,49.0,10.0,14.0,111.0,17.0,111.0
2019-05-01,36.0,13.0,20.0,80.0,7.0,80.0
2019-05-02,48.0,10.0,18.0,23.0,5.0,48.0
2019-05-03,49.0,12.0,13.0,99.0,12.0,99.0
2019-05-05,56.0,14.0,34.0,91.0,11.0,91.0
2019-05-06,50.0,11.0,14.0,93.0,7.0,93.0
2019-05-07,69.0,11.0,27.0,89.0,9.0,89.0
2019-05-09,65.0,11.0,24.0,149.0,22.0,149.0
2019-05-10,52.0,11.0,12.0,87.0,11.0,87.0
2019-05-11,37.0,15.0,16.0,65.0,10.0,65.0
2019-05-12,69.0,22.0,16.0,76.0,6.0,76.0
2019-05-13,61.0,10.0,20.0,93.0,8.0,93.0
2019-05-14,68.0,12.0,17.0,80.0,11.0,80.0
2019-05-15,67.0,11.0,17.0,90.0,8.0,90.0
2019-05-16,55.0,9.0,9.0,111.0,10.0,111.0
2019-05-17,63.0,9.0,9.0,100.0,12.0,100.0
2019-05-18,54.0,13.0,17.0,111.0,21.0,111.0
2019-05-19,74.0,22.0,31.0,114.0,10.0,114.0
2019-05-20,67.0,14.0,12.0,85.0,9.0,85.0
2019-05-21,67.0,12.0,18.0,98.0,9.0,98.0
2019-05-22,65.0,14.0,15.0,99.0,9.0,99.0
2019-05-23,58.0,18.0,19.0,82.0,8.0,82.0
2019-05-24,69.0,13.0,11.0,62.0,11.0,69.0
2019-05-25,64.0,12.0,21.0,104.0,13.0,104.0
2019-05-26,65.0,18.0,22.0,107.0,11.0,107.0
2019-05-27,71.0,11.0,20.0,101.0,8.0,101.0
2019-05-28,67.0,12.0,13.0,84.0,9.0,84.0
2019-05-29,56.0,12.0,12.0,86.0,7.0,86.0
2019-05-30,53.0,11.0,14.0,84.0,6.0,84.0
2019-05-31,55.0,11.0,13.0,89.0,6.0,89.0
2019-06-01,60.0,9.0,12.0,104.0,7.0,104.0
2019-06-02,59.0,8.0,17.0,106.0,9.0,106.0
2019-06-03,50.0,11.0,12.0,89.0,6.0,89.0
2019-06-04,75.0,11.0,18.0,82.0,9.0,82.0
2019-06-05,82.0,25.0,26.0,56.0,12.0,82.0
2019-06-06,50.0,11.0,10.0,75.0,7.0,75.0
2019-06-07,45.0,24.0,6.0,54.0,5.0,54.0
2019-06-08,44.0,10.0,8.0,105.0,8.0,105.0
2019-06-09,47.0,14.0,18.0,98.0,8.0,98.0
2019-06-10,57.0,16.0,19.0,88.0,8.0,88.0
2019-06-11,55.0,15.0,19.0,105.0,9.0,105.0
2019-06-12,68.0,17.0,18.0,108.0,8.0,108.0
2019-06-13,79.0,24.0,23.0,148.0,12.0,148.0
2019-06-14,60.0,11.0,20.0,98.0,14.0,98.0
2019-06-15,54.0,10.0,20.0,112.0,8.0,112.0
2019-06-16,66.0,10.0,24.0,107.0,10.0,107.0
2019-06-17,60.0,11.0,21.0,93.0,8.0,93.0
2019-06-18,59.0,13.0,10.0,74.0,9.0,74.0
2019-06-19,60.0,21.0,17.0,92.0,11.0,92.0
2019-06-20,78.0,20.0,24.0,99.0,12.0,99.0
2019-06-21,72.0,12.0,16.0,103.0,10.0,103.0
2019-06-22,74.0,28.0,18.0,133.0,10.0,133.0
2019-06-23,71.0,12.0,17.0,134.0,10.0,134.0
2019-06-24,76.0,24.0,19.0,103.0,12.0,103.0
2019-06-25,89.0,19.0,12.0,73.0,10.0,89.0
2019-06-26,84.0,19.0,10.0,67.0,11.0,84.0
2019-06-27,67.0,13.0,15.0,142.0,11.0,142.0
2019-06-28,64.0,13.0,13.0,143.0,17.0,143.0
2019-06-29,69.0,12.0,11.0,173.0,10.0,173.0
2019-06-30,63.0,14.0,16.0,83.0,12.0,83.0
2019-07-01,64.0,26.0,12.0,96.0,12.0,96.0
2019-07-04,69.0,16.0,7.0,78.0,9.0,78.0
2019-07-05,63.0,13.0,12.0,91.0,8.0,91.0
2019-07-06,55.0,11.0,14.0,82.0,10.0,82.0
2019-07-07,63.0,23.0,12.0,41.0,7.0,63.0
2019-07-08,55.0,14.0,13.0,84.0,9.0,84.0
2019-07-09,66.0,13.0,9.0,111.0,8.0,111.0
2019-07-10,58.0,14.0,14.0,91.0,15.0,91.0
2019-07-11,71.0,28.0,16.0,52.0,12.0,71.0
2019-07-12,58.0,13.0,15.0,77.0,11.0,77.0
2019-07-13,57.0,27.0,11.0,163.0,9.0,163.0
2019-07-14,80.0,29.0,16.0,160.0,9.0,160.0
2019-07-15,67.0,13.0,22.0,77.0,18.0,77.0
2019-07-16,76.0,27.0,16.0,92.0,12.0,92.0
2019-07-17,64.0,21.0,16.0,107.0,13.0,107.0
2019-07-18,65.0,13.0,13.0,87.0,11.0,87.0
2019-07-19,68.0,14.0,9.0,49.0,7.0,68.0
2019-07-20,75.0,23.0,16.0,113.0,10.0,113.0
2019-07-21,66.0,7.0,8.0,91.0,5.0,91.0
2019-07-22,67.0,21.0,18.0,121.0,7.0,121.0
2019-07-23,83.0,10.0,9.0,62.0,10.0,83.0
2019-07-24,64.0,13.0,14.0,92.0,11.0,92.0
2019-07-25,75.0,23.0,19.0,124.0,9.0,124.0
2019-07-26,64.0,14.0,11.0,96.0,9.0,96.0
2019-07-27,62.0,12.0,11.0,94.0,7.0,94.0
2019-07-28,90.0,27.0,14.0,115.0,9.0,115.0
2019-07-29,74.0,11.0,17.0,129.0,9.0,129.0
2019-07-30,79.0,10.0,11.0,99.0,10.0,99.0
2019-07-31,71.0,13.0,23.0,94.0,10.0,94.0
2019-08-01,57.0,20.0,13.0,115.0,6.0,115.0
2019-08-02,61.0,20.0,14.0,96.0,7.0,96.0
2019-08-03,66.0,22.0,16.0,92.0,8.0,92.0
2019-08-04,61.0,12.0,18.0,80.0,8.0,80.0
2019-08-06,62.0,13.0,14.0,140.0,12.0,140.0
2019-08-07,61.0,14.0,17.0,127.0,10.0,127.0
2019-08-08,67.0,22.0,16.0,146.0,9.0,146.0
2019-08-09,60.0,12.0,18.0,119.0,18.0,119.0
2019-08-10,64.0,13.0,24.0,100.0,18.0,100.0
2019-08-11,64.0,13.0,21.0,72.0,8.0,72.0
2019-08-12,62.0,13.0,17.0,73.0,9.0,73.0
2019-08-13,70.0,8.0,7.0,54.0,7.0,70.0
2019-08-14,55.0,20.0,11.0,69.0,6.0,69.0
2019-08-15,69.0,28.0,9.0,102.0,6.0,102.0
2019-08-16,92.0,20.0,28.0,207.0,14.0,207.0
2019-08-17,71.0,19.0,15.0,174.0,9.0,174.0
2019-08-18,63.0,19.0,13.0,108.0,6.0,108.0
2019-08-20,65.0,23.0,12.0,171.0,7.0,171.0
2019-08-21,64.0,13.0,20.0,76.0,11.0,76.0
2019-08-22,56.0,21.0,12.0,88.0,8.0,88.0
2019-08-23,69.0,19.0,15.0,201.0,9.0,201.0
2019-08-24,64.0,21.0,12.0,171.0,7.0,171.0
2019-08-25,66.0,21.0,11.0,128.0,6.0,128.0
2019-08-26,66.0,20.0,11.0,184.0,6.0,184.0
2019-08-27,66.0,35.0,12.0,149.0,9.0,149.0
2019-08-28,61.0,25.0,10.0,108.0,9.0,108.0
2019-08-29,64.0,18.0,18.0,132.0,10.0,132.0
2019-08-30,67.0,20.0,13.0,96.0,8.0,96.0
2019-08-31,67.0,13.0,30.0,78.0,15.0,78.0
2019-09-01,67.0,22.0,14.0,109.0,8.0,109.0
2019-09-02,71.0,20.0,14.0,187.0,9.0,187.0
2019-09-03,61.0,13.0,18.0,141.0,11.0,141.0
2019-09-04,63.0,27.0,10.0,144.0,9.0,144.0
2019-09-05,75.0,22.0,16.0,113.0,3.0,113.0
2019-09-06,60.0,12.0,20.0,127.0,9.0,127.0
2019-09-07,65.0,23.0,13.0,127.0,3.0,127.0
2019-09-08,65.0,22.0,13.0,126.0,3.0,126.0
2019-09-09,64.0,12.0,20.0,106.0,11.0,106.0
2019-09-10,56.0,23.0,10.0,91.0,3.0,91.0
2019-09-11,68.0,25.0,17.0,160.0,4.0,160.0
2019-09-12,78.0,22.0,19.0,143.0,3.0,143.0
2019-09-13,69.0,22.0,15.0,156.0,3.0,156.0
2019-09-14,63.0,24.0,14.0,156.0,2.0,156.0
2019-09-15,68.0,23.0,12.0,99.0,2.0,99.0
2019-09-16,60.0,21.0,10.0,74.0,2.0,74.0
2019-09-17,57.0,25.0,10.0,77.0,3.0,77.0
2019-09-18,58.0,13.0,22.0,132.0,8.0,132.0
2019-09-19,70.0,21.0,15.0,107.0,4.0,107.0
2019-09-20,59.0,22.0,10.0,91.0,3.0,91.0
2019-09-21,59.0,22.0,10.0,169.0,3.0,169.0
2019-09-22,65.0,23.0,11.0,153.0,3.0,153.0
2019-09-23,61.0,25.0,12.0,87.0,4.0,87.0
2019-09-24,61.0,26.0,10.0,112.0,9.0,112.0
2019-09-25,68.0,26.0,12.0,174.0,6.0,174.0
2019-09-26,65.0,23.0,10.0,110.0,9.0,110.0
2019-09-27,72.0,22.0,12.0,131.0,8.0,131.0
2019-09-28,58.0,24.0,9.0,102.0,7.0,102.0
2019-09-29,65.0,22.0,12.0,115.0,8.0,115.0
2019-09-30,60.0,20.0,12.0,146.0,7.0,146.0
2019-10-01,74.0,24.0,18.0,184.0,11.0,184.0
2019-10-02,69.0,25.0,10.0,153.0,8.0,153.0
2019-10-03,78.0,22.0,10.0,138.0,8.0,138.0
2019-10-04,76.0,21.0,10.0,169.0,8.0,169.0
2019-10-05,62.0,25.0,10.0,89.0,8.0,89.0
2019-10-06,62.0,21.0,10.0,164.0,8.0,164.0
2019-10-07,67.0,22.0,10.0,100.0,8.0,100.0
2019-10-08,70.0,24.0,13.0,138.0,8.0,138.0
2019-10-09,50.0,11.0,16.0,130.0,9.0,130.0
2019-10-11,71.0,21.0,8.0,207.0,9.0,207.0
2019-10-12,77.0,21.0,12.0,177.0,11.0,177.0
2019-10-13,70.0,22.0,7.0,173.0,7.0,173.0
2019-10-14,77.0,21.0,12.0,156.0,9.0,156.0
2019-10-15,59.0,19.0,5.0,178.0,5.0,178.0
2019-10-16,68.0,20.0,10.0,144.0,8.0,144.0
2019-10-17,60.0,19.0,6.0,156.0,7.0,156.0
2019-10-18,51.0,11.0,14.0,104.0,14.0,104.0
2019-10-19,58.0,13.0,19.0,78.0,9.0,78.0
2019-10-20,66.0,20.0,9.0,147.0,7.0,147.0
2019-10-21,65.0,23.0,12.0,87.0,8.0,87.0
2019-10-22,70.0,24.0,13.0,135.0,8.0,135.0
2019-10-23,69.0,22.0,11.0,140.0,9.0,140.0
2019-10-24,61.0,14.0,18.0,129.0,8.0,129.0
2019-10-25,65.0,33.0,11.0,172.0,7.0,172.0
2019-10-26,67.0,22.0,3.0,180.0,9.0,180.0
2019-10-27,75.0,21.0,10.0,153.0,8.0,153.0
2019-10-28,52.0,12.0,21.0,121.0,9.0,121.0
2019-10-29,55.0,13.0,23.0,97.0,12.0,97.0
2019-10-30,66.0,21.0,8.0,171.0,7.0,171.0
2019-10-31,46.0,15.0,17.0,120.0,11.0,120.0
2019-11-01,55.0,8.0,9.0,120.0,8.0,120.0
2019-11-02,59.0,7.0,17.0,87.0,9.0,87.0
2019-11-03,51.0,20.0,7.0,92.0,7.0,92.0
2019-11-04,57.0,10.0,16.0,137.0,9.0,137.0
2019-11-05,58.0,20.0,11.0,193.0,12.0,193.0
2019-11-06,61.0,20.0,14.0,156.0,13.0,156.0
2019-11-07,58.0,24.0,8.0,209.0,11.0,209.0
2019-11-08,72.0,35.0,17.0,150.0,11.0,150.0
2019-11-09,60.0,25.0,10.0,220.0,12.0,220.0
2019-11-10,63.0,32.0,11.0,183.0,7.0,183.0
2019-11-11,65.0,36.0,10.0,162.0,7.0,162.0
2019-11-12,64.0,22.0,7.0,134.0,9.0,134.0
2019-11-14,76.0,9.0,22.0,49.0,12.0,76.0
2019-11-15,65.0,37.0,19.0,94.0,6.0,94.0
2019-11-17,59.0,21.0,20.0,126.0,8.0,126.0
2019-11-18,60.0,20.0,17.0,165.0,7.0,165.0
2019-11-19,59.0,20.0,21.0,100.0,6.0,100.0
2019-11-20,41.0,11.0,18.0,134.0,12.0,134.0
2019-11-21,72.0,12.0,14.0,103.0,10.0,103.0
2019-11-22,60.0,7.0,21.0,112.0,11.0,112.0
2019-11-23,85.0,22.0,34.0,146.0,16.0,146.0
2019-11-24,68.0,21.0,25.0,167.0,8.0,167.0
2019-11-25,64.0,20.0,21.0,160.0,7.0,160.0
2019-11-26,77.0,22.0,30.0,125.0,11.0,125.0
2019-11-27,70.0,20.0,29.0,101.0,10.0,101.0
2019-11-28,48.0,9.0,28.0,106.0,9.0,106.0
2019-11-29,53.0,35.0,14.0,124.0,7.0,124.0
2019-12-02,47.0,13.0,18.0,136.0,4.0,136.0
2019-12-03,63.0,20.0,21.0,107.0,7.0,107.0
2019-12-04,60.0,36.0,12.0,125.0,7.0,125.0
2019-12-05,38.0,34.0,12.0,143.0,6.0,143.0
2019-12-06,61.0,35.0,14.0,159.0,7.0,159.0
2019-12-07,45.0,35.0,9.0,86.0,5.0,86.0
2019-12-09,64.0,16.0,30.0,155.0,10.0,155.0
2019-12-11,74.0,17.0,31.0,184.0,11.0,184.0
2019-12-14,42.0,11.0,23.0,94.0,6.0,94.0
2019-12-15,52.0,20.0,18.0,99.0,5.0,99.0
2019-12-16,64.0,23.0,22.0,88.0,9.0,88.0
2019-12-17,55.0,21.0,20.0,75.0,9.0,75.0
2019-12-18,45.0,15.0,25.0,140.0,9.0,140.0
2019-12-19,64.0,37.0,16.0,96.0,9.0,96.0
2019-12-20,54.0,9.0,30.0,99.0,8.0,99.0
2019-12-21,68.0,37.0,24.0,109.0,9.0,109.0
2019-12-22,50.0,15.0,21.0,94.0,7.0,94.0
2019-12-23,58.0,15.0,30.0,99.0,7.0,99.0
2019-12-24,57.0,18.0,34.0,105.0,9.0,105.0
2019-12-25,53.0,14.0,21.0,73.0,8.0,73.0
2019-12-26,51.0,19.0,22.0,91.0,6.0,91.0
2019-12-27,55.0,38.0,17.0,84.0,7.0,84.0
2019-12-28,64.0,10.0,25.0,40.0,11.0,64.0
2019-12-29,56.0,17.0,27.0,69.0,7.0,69.0
2019-12-30,66.0,8.0,28.0,89.0,8.0,89.0
2019-12-31,52.0,11.0,23.0,55.0,4.0,55.0
2020-01-02,22.0,15.0,24.0,102.0,7.0,102.0
2020-01-03,44.0,17.0,21.0,63.0,7.0,63.0
2020-01-04,40.0,18.0,19.0,85.0,9.0,85.0
2020-01-05,37.0,21.0,18.0,62.0,5.0,62.0
2020-01-06,58.0,18.0,28.0,64.0,9.0,64.0
2020-01-07,36.0,18.0,39.0,66.0,9.0,66.0
2020-01-08,49.0,21.0,22.0,70.0,10.0,70.0
2020-01-09,82.0,38.0,31.0,30.0,6.0,82.0
2020-01-10,25.0,17.0,17.0,47.0,7.0,47.0
2020-01-11,36.0,17.0,22.0,80.0,9.0,80.0
2020-01-12,24.0,18.0,13.0,46.0,3.0,46.0
2020-01-13,33.0,38.0,11.0,51.0,3.0,51.0
2020-01-14,32.0,32.0,11.0,48.0,6.0,48.0
2020-01-15,44.0,11.0,16.0,63.0,6.0,63.0
2020-01-16,67.0,11.0,41.0,78.0,12.0,78.0
2020-01-17,71.0,29.0,36.0,125.0,6.0,125.0
2020-01-18,59.0,30.0,15.0,75.0,6.0,75.0
2020-01-19,76.0,14.0,62.0,110.0,10.0,110.0
2020-01-20,50.0,12.0,20.0,65.0,6.0,65.0
2020-01-21,62.0,12.0,41.0,50.0,15.0,62.0
2020-01-22,82.0,31.0,25.0,53.0,5.0,82.0
2020-01-23,60.0,32.0,20.0,44.0,7.0,60.0
2020-01-24,71.0,30.0,22.0,29.0,5.0,71.0
2020-01-25,36.0,14.0,27.0,80.0,6.0,80.0
2020-01-26,57.0,16.0,42.0,89.0,7.0,89.0
2020-01-27,48.0,11.0,10.0,83.0,7.0,83.0
2020-01-28,62.0,13.0,39.0,74.0,9.0,74.0
2020-01-29,63.0,30.0,27.0,92.0,5.0,92.0
2020-01-30,33.0,30.0,14.0,80.0,5.0,80.0
2020-01-31,56.0,30.0,18.0,37.0,5.0,56.0
2020-02-01,37.0,14.0,28.0,73.0,6.0,73.0
2020-02-02,33.0,16.0,27.0,64.0,7.0,64.0
2020-02-03,59.0,30.0,40.0,35.0,3.0,59.0
2020-02-05,67.0,14.0,57.0,49.0,12.0,67.0
2020-02-06,63.0,9.0,19.0,42.0,8.0,63.0
2020-02-07,55.0,28.0,22.0,46.0,6.0,55.0
2020-02-08,74.0,30.0,11.0,66.0,3.0,74.0
2020-02-09,48.0,15.0,24.0,50.0,6.0,50.0
2020-02-10,43.0,7.0,20.0,91.0,13.0,91.0
2020-02-11,69.0,32.0,24.0,98.0,7.0,98.0
2020-02-12,48.0,16.0,19.0,126.0,6.0,126.0
2020-02-13,44.0,17.0,19.0,83.0,8.0,83.0
2020-02-15,74.0,26.0,47.0,191.0,7.0,191.0
2020-02-16,67.0,23.0,27.0,118.0,4.0,118.0
2020-02-17,43.0,21.0,22.0,170.0,4.0,170.0
2020-02-18,50.0,30.0,55.0,182.0,7.0,182.0
2020-02-19,48.0,20.0,21.0,62.0,6.0,62.0
2020-02-20,21.0,15.0,14.0,73.0,5.0,73.0
2020-02-21,34.0,20.0,22.0,80.0,4.0,80.0
2020-02-22,58.0,19.0,34.0,85.0,4.0,85.0
2020-02-23,21.0,15.0,12.0,88.0,3.0,88.0
2020-02-24,18.0,15.0,11.0,89.0,2.0,89.0
2020-02-25,40.0,19.0,15.0,92.0,4.0,92.0
2020-02-26,52.0,19.0,21.0,89.0,5.0,89.0
2020-02-27,54.0,18.0,20.0,84.0,2.0,84.0
2020-03-05,24.0,17.0,52.0,95.0,3.0,95.0
2020-03-06,44.0,24.0,10.0,100.0,14.0,100.0
2020-03-08,53.0,23.0,18.0,86.0,16.0,86.0
2020-03-10,43.0,22.0,6.0,55.0,7.0,55.0
2020-03-12,44.0,19.0,58.0,72.0,10.0,72.0
2020-03-14,89.0,25.0,28.0,197.0,13.0,197.0
2020-03-15,69.0,22.0,21.0,131.0,10.0,131.0
2020-03-16,59.0,23.0,18.0,133.0,10.0,133.0
2020-03-17,101.0,23.0,16.0,129.0,10.0,129.0
2020-03-18,57.0,23.0,13.0,108.0,10.0,108.0
2020-03-20,45.0,10.0,15.0,109.0,7.0,109.0
2020-03-26,44.0,17.0,22.0,68.0,8.0,68.0
2020-03-28,63.0,17.0,16.0,124.0,5.0,124.0
2020-03-29,65.0,14.0,11.0,91.0,7.0,91.0
2020-03-30,59.0,12.0,13.0,106.0,4.0,106.0
2020-03-31,47.0,11.0,14.0,96.0,6.0,96.0
2020-04-01,38.0,7.0,17.0,129.0,5.0,129.0
2020-04-02,34.0,9.0,5.0,57.0,2.0,57.0
2020-04-03,32.0,10.0,7.0,62.0,2.0,62.0
2020-04-04,48.0,13.0,11.0,83.0,3.0,83.0
2020-04-17,51.0,17.0,19.0,92.0,5.0,92.0
2020-04-18,53.0,11.0,12.0,100.0,10.0,100.0
2020-04-19,62.0,10.0,15.0,147.0,14.0,147.0
2020-04-21,69.0,28.0,14.0,57.0,7.0,69.0
2020-04-22,111.0,31.0,25.0,58.0,10.0,111.0
2020-04-23,43.0,5.0,11.0,88.0,9.0,88.0
2020-04-25,49.0,7.0,15.0,77.0,8.0,77.0
2020-04-26,61.0,8.0,16.0,101.0,10.0,101.0
2020-04-27,34.0,6.0,6.0,131.0,8.0,131.0
2020-04-28,46.0,6.0,14.0,82.0,9.0,82.0
2020-04-29,51.0,8.0,16.0,85.0,10.0,85.0
2020-04-30,80.0,22.0,26.0,44.0,9.0,80.0
2020-05-01,52.0,6.0,17.0,83.0,9.0,83.0
2020-05-02,33.0,6.0,8.0,80.0,6.0,80.0
2020-05-03,65.0,9.0,32.0,48.0,11.0,65.0
2020-05-04,36.0,8.0,7.0,75.0,7.0,75.0
2020-05-05,38.0,9.0,7.0,73.0,9.0,73.0
2020-05-06,41.0,7.0,8.0,63.0,7.0,63.0
2020-05-07,41.0,7.0,14.0,69.0,8.0,69.0
2020-05-08,63.0,8.0,14.0,120.0,9.0,120.0
2020-05-09,77.0,22.0,22.0,36.0,8.0,77.0
2020-05-10,58.0,9.0,18.0,81.0,15.0,81.0
2020-05-11,41.0,7.0,11.0,83.0,7.0,83.0
2020-05-12,44.0,7.0,10.0,81.0,6.0,81.0
2020-05-13,37.0,7.0,8.0,79.0,7.0,79.0
2020-05-14,57.0,17.0,17.0,64.0,6.0,64.0
2020-05-15,66.0,20.0,9.0,57.0,9.0,66.0
2020-05-16,55.0,11.0,10.0,77.0,8.0,77.0
2020-05-17,57.0,11.0,14.0,122.0,7.0,122.0
2020-05-18,50.0,8.0,8.0,79.0,6.0,79.0
2020-05-19,34.0,9.0,13.0,119.0,9.0,119.0
2020-05-20,61.0,23.0,11.0,73.0,3.0,73.0
2020-05-21,33.0,23.0,9.0,79.0,12.0,79.0
2020-05-22,51.0,10.0,15.0,88.0,8.0,88.0
2020-05-23,36.0,8.0,9.0,87.0,8.0,87.0
2020-05-24,50.0,18.0,17.0,65.0,11.0,65.0
2020-05-25,50.0,22.0,10.0,28.0,4.0,50.0
2020-05-26,52.0,22.0,14.0,40.0,4.0,52.0
2020-05-27,28.0,16.0,7.0,76.0,10.0,76.0
2020-05-28,32.0,9.0,7.0,136.0,7.0,136.0
2020-05-29,48.0,12.0,9.0,134.0,8.0,134.0
2020-05-30,48.0,11.0,18.0,73.0,9.0,73.0
2020-05-31,52.0,9.0,17.0,66.0,9.0,66.0
2020-06-01,59.0,10.0,19.0,69.0,10.0,69.0
2020-06-02,42.0,10.0,9.0,57.0,7.0,57.0
2020-06-03,40.0,9.0,10.0,48.0,3.0,48.0
2020-06-04,56.0,2.0,18.0,36.0,7.0,56.0
2020-06-05,55.0,13.0,14.0,96.0,2.0,96.0
2020-06-06,59.0,13.0,14.0,98.0,4.0,98.0
2020-06-07,53.0,2.0,19.0,96.0,15.0,96.0
2020-06-08,72.0,23.0,13.0,45.0,4.0,72.0
2020-06-09,81.0,24.0,19.0,57.0,5.0,81.0
2020-06-10,67.0,16.0,10.0,34.0,10.0,67.0
2020-06-11,13.0,13.0,8.0,79.0,9.0,79.0
2020-06-12,5.0,11.0,8.0,97.0,8.0,97.0
2020-06-13,53.0,11.0,10.0,99.0,7.0,99.0
2020-06-14,54.0,12.0,12.0,97.0,8.0,97.0
2020-06-15,60.0,13.0,10.0,95.0,8.0,95.0
2020-06-16,74.0,24.0,13.0,43.0,3.0,74.0
2020-06-17,74.0,23.0,12.0,53.0,12.0,74.0
2020-06-18,57.0,15.0,14.0,79.0,9.0,79.0
2020-06-19,57.0,11.0,12.0,75.0,7.0,75.0
2020-06-20,60.0,12.0,19.0,92.0,13.0,92.0
2020-06-21,57.0,12.0,14.0,90.0,8.0,90.0
2020-06-22,71.0,6.0,19.0,53.0,6.0,71.0
2020-06-23,58.0,22.0,10.0,70.0,11.0,70.0
2020-06-24,58.0,18.0,11.0,124.0,19.0,124.0
2020-06-25,76.0,16.0,38.0,85.0,17.0,85.0
2020-06-26,71.0,14.0,23.0,97.0,13.0,97.0
2020-06-27,75.0,22.0,11.0,64.0,11.0,75.0
2020-06-28,70.0,13.0,16.0,81.0,6.0,81.0
2020-06-29,56.0,15.0,10.0,90.0,11.0,90.0
2020-06-30,67.0,15.0,16.0,86.0,10.0,86.0
2020-07-01,55.0,15.0,9.0,94.0,9.0,94.0
2020-07-02,79.0,24.0,14.0,64.0,13.0,79.0
2020-07-03,58.0,14.0,23.0,88.0,10.0,88.0
2020-07-04,48.0,13.0,16.0,71.0,6.0,71.0
2020-07-05,67.0,24.0,9.0,45.0,4.0,67.0
2020-07-06,75.0,39.0,12.0,53.0,16.0,75.0
2020-07-07,42.0,20.0,11.0,63.0,12.0,63.0
2020-07-08,53.0,17.0,12.0,90.0,5.0,90.0
2020-07-09,60.0,18.0,12.0,102.0,11.0,102.0
2020-07-10,65.0,15.0,21.0,113.0,10.0,113.0
2020-07-11,71.0,16.0,20.0,111.0,10.0,111.0
2020-07-13,64.0,15.0,20.0,71.0,13.0,71.0
2020-07-14,69.0,23.0,9.0,71.0,10.0,71.0
2020-07-15,63.0,22.0,11.0,47.0,4.0,63.0
2020-07-16,55.0,20.0,7.0,44.0,11.0,55.0
2020-07-17,48.0,19.0,11.0,68.0,7.0,68.0
2020-07-18,52.0,16.0,11.0,84.0,6.0,84.0
2020-07-19,63.0,15.0,19.0,90.0,6.0,90.0
2020-07-20,60.0,14.0,13.0,119.0,5.0,119.0
2020-07-21,87.0,15.0,48.0,95.0,11.0,95.0
2020-07-22,50.0,15.0,12.0,75.0,6.0,75.0
2020-07-23,63.0,15.0,15.0,130.0,6.0,130.0
2020-07-24,67.0,15.0,18.0,98.0,6.0,98.0
2020-07-25,59.0,15.0,10.0,92.0,5.0,92.0
2020-07-26,56.0,18.0,11.0,79.0,9.0,79.0
2020-07-27,53.0,19.0,11.0,89.0,6.0,89.0
2020-07-28,70.0,18.0,21.0,160.0,10.0,160.0
2020-07-29,67.0,18.0,17.0,164.0,12.0,164.0
2020-07-30,67.0,18.0,14.0,136.0,8.0,136.0
2020-07-31,59.0,20.0,8.0,115.0,10.0,115.0
2020-08-01,63.0,16.0,16.0,134.0,8.0,134.0
2020-08-02,78.0,21.0,23.0,102.0,16.0,102.0
2020-08-03,95.0,26.0,18.0,84.0,8.0,95.0
2020-08-04,54.0,18.0,12.0,91.0,8.0,91.0
2020-08-05,86.0,26.0,13.0,81.0,5.0,86.0
2020-08-06,63.0,21.0,15.0,108.0,6.0,108.0
2020-08-07,58.0,19.0,11.0,119.0,5.0,119.0
2020-08-08,79.0,28.0,9.0,70.0,3.0,79.0
2020-08-09,50.0,15.0,11.0,82.0,5.0,82.0
2020-08-10,81.0,25.0,10.0,62.0,3.0,81.0
2020-08-11,96.0,26.0,11.0,47.0,4.0,96.0
2020-08-12,93.0,25.0,37.0,52.0,6.0,93.0
2020-08-13,81.0,24.0,16.0,37.0,4.0,81.0
2020-08-14,41.0,16.0,17.0,68.0,11.0,68.0
2020-08-15,57.0,16.0,23.0,59.0,11.0,59.0
2020-08-16,46.0,21.0,20.0,68.0,6.0,68.0
2020-08-17,46.0,16.0,11.0,67.0,4.0,67.0
2020-08-18,57.0,17.0,18.0,99.0,7.0,99.0
2020-08-19,60.0,22.0,29.0,82.0,10.0,82.0
2020-08-20,57.0,22.0,18.0,64.0,8.0,64.0
2020-08-21,71.0,32.0,5.0,44.0,7.0,71.0
2020-08-22,84.0,31.0,13.0,49.0,10.0,84.0
2020-08-23,64.0,19.0,27.0,88.0,8.0,88.0
2020-08-24,79.0,31.0,15.0,45.0,9.0,79.0
2020-08-25,58.0,20.0,13.0,75.0,6.0,75.0
2020-08-26,51.0,20.0,9.0,100.0,4.0,100.0
2020-08-27,51.0,19.0,8.0,80.0,4.0,80.0
2020-08-28,84.0,33.0,14.0,56.0,10.0,84.0
2020-08-29,54.0,19.0,12.0,71.0,6.0,71.0
2020-08-30,55.0,21.0,14.0,79.0,6.0,79.0
2020-08-31,57.0,20.0,12.0,134.0,7.0,134.0
2020-09-01,69.0,25.0,8.0,70.0,13.0,96.0
2020-09-02,72.0,21.0,10.0,122.0,11.0,122.0
2020-09-03,80.0,21.0,12.0,94.0,12.0,94.0
2020-09-04,56.0,25.0,16.0,54.0,6.0,88.0
2020-09-05,58.0,18.0,11.0,123.0,5.0,123.0
2020-09-06,58.0,19.0,14.0,140.0,7.0,140.0
2020-09-07,62.0,25.0,9.0,113.0,5.0,113.0
2020-09-08,64.0,25.0,6.0,59.0,11.0,90.0
2020-09-09,54.0,28.0,11.0,62.0,9.0,97.0
2020-09-10,57.0,18.0,10.0,141.0,4.0,141.0
2020-09-11,64.0,18.0,20.0,109.0,8.0,109.0
2020-09-12,60.0,20.0,7.0,132.0,8.0,132.0
2020-09-13,66.0,20.0,7.0,130.0,6.0,130.0
2020-09-14,72.0,26.0,7.0,89.0,11.0,102.0
2020-09-15,46.0,19.0,11.0,99.0,6.0,99.0
2020-09-16,50.0,18.0,12.0,117.0,8.0,117.0
2020-09-17,43.0,20.0,7.0,86.0,4.0,86.0
2020-09-18,56.0,26.0,17.0,70.0,8.0,94.0
2020-09-19,56.0,26.0,16.0,65.0,6.0,97.0
2020-09-20,56.0,26.0,16.0,48.0,6.0,87.0
2020-09-21,42.0,19.0,18.0,91.0,4.0,91.0
2020-09-22,36.0,17.0,10.0,84.0,8.0,84.0
2020-09-23,54.0,21.0,22.0,162.0,7.0,162.0
2020-09-24,51.0,29.0,16.0,128.0,8.0,128.0
2020-09-25,52.0,30.0,17.0,114.0,7.0,114.0
2020-09-26,66.0,20.0,18.0,118.0,8.0,118.0
2020-09-27,61.0,19.0,17.0,98.0,8.0,98.0
2020-09-28,41.0,19.0,9.0,97.0,5.0,97.0
2020-09-29,68.0,38.0,6.0,97.0,10.0,97.0
2020-09-30,50.0,34.0,12.0,82.0,5.0,82.0
2020-10-01,52.0,32.0,15.0,62.0,9.0,83.0
2020-10-02,52.0,35.0,16.0,74.0,7.0,89.0
2020-10-03,55.0,29.0,15.0,89.0,16.0,89.0
2020-10-04,59.0,22.0,12.0,95.0,9.0,95.0
2020-10-05,44.0,22.0,7.0,128.0,8.0,128.0
2020-10-06,51.0,21.0,6.0,110.0,8.0,110.0
2020-10-07,57.0,30.0,9.0,92.0,12.0,92.0
2020-10-08,55.0,23.0,7.0,109.0,11.0,109.0
2020-10-09,60.0,18.0,7.0,87.0,14.0,99.0
2020-10-10,53.0,17.0,7.0,60.0,11.0,74.0
2020-10-11,51.0,20.0,8.0,95.0,7.0,95.0
2020-10-12,57.0,22.0,11.0,116.0,8.0,116.0
2020-10-13,52.0,35.0,30.0,92.0,15.0,105.0
2020-10-14,56.0,34.0,25.0,94.0,12.0,94.0
2020-10-15,62.0,35.0,19.0,97.0,6.0,103.0
2020-10-16,61.0,24.0,10.0,110.0,16.0,110.0
2020-10-17,64.0,25.0,17.0,99.0,18.0,99.0
2020-10-18,60.0,23.0,12.0,71.0,14.0,82.0
2020-10-19,62.0,22.0,13.0,71.0,12.0,89.0
2020-10-20,63.0,24.0,13.0,68.0,14.0,86.0
2020-10-21,44.0,35.0,15.0,99.0,11.0,99.0
2020-10-22,53.0,23.0,12.0,68.0,14.0,82.0
2020-10-23,39.0,37.0,10.0,32.0,5.0,65.0
2020-10-24,39.0,38.0,10.0,100.0,5.0,100.0
2020-10-25,46.0,22.0,10.0,83.0,12.0,83.0
2020-10-26,53.0,23.0,11.0,99.0,10.0,99.0
2020-10-27,52.0,22.0,14.0,98.0,23.0,98.0
2020-10-28,66.0,27.0,18.0,82.0,16.0,86.0
2020-10-29,57.0,26.0,13.0,60.0,16.0,78.0
2020-10-30,59.0,23.0,8.0,58.0,11.0,86.0
2020-10-31,44.0,29.0,6.0,67.0,10.0,67.0
2020-11-01,53.0,38.0,16.0,55.0,10.0,55.0
2020-11-02,49.0,36.0,8.0,38.0,5.0,49.0
2020-11-03,40.0,25.0,12.0,84.0,4.0,84.0
2020-11-04,43.0,25.0,9.0,146.0,7.0,146.0
2020-11-05,58.0,23.0,19.0,67.0,10.0,67.0
2020-11-06,80.0,41.0,22.0,62.0,11.0,80.0
2020-11-07,54.0,26.0,16.0,85.0,11.0,85.0
2020-11-08,67.0,40.0,30.0,55.0,10.0,67.0
2020-11-09,63.0,25.0,29.0,115.0,11.0,115.0
2020-11-10,60.0,23.0,22.0,83.0,10.0,83.0
2020-11-11,59.0,24.0,24.0,111.0,8.0,111.0
2020-11-12,57.0,26.0,12.0,69.0,7.0,69.0
2020-11-13,57.0,42.0,5.0,42.0,7.0,57.0
2020-11-14,50.0,24.0,14.0,135.0,6.0,135.0
2020-11-15,59.0,44.0,7.0,50.0,6.0,59.0
2020-11-16,64.0,41.0,9.0,47.0,5.0,64.0
2020-11-17,60.0,42.0,14.0,88.0,9.0,88.0
2020-11-18,55.0,25.0,11.0,104.0,6.0,104.0
2020-11-19,59.0,24.0,22.0,115.0,11.0,115.0
2020-11-20,62.0,44.0,7.0,42.0,7.0,62.0
2020-11-21,67.0,41.0,31.0,44.0,7.0,67.0
2020-11-22,66.0,42.0,41.0,57.0,10.0,66.0
2020-11-23,69.0,42.0,23.0,64.0,8.0,69.0
2020-11-24,36.0,25.0,9.0,71.0,4.0,71.0
2020-11-25,52.0,41.0,21.0,46.0,8.0,52.0
2020-11-26,60.0,42.0,23.0,93.0,7.0,93.0
2020-11-27,47.0,43.0,8.0,78.0,7.0,78.0
2020-11-28,36.0,27.0,11.0,84.0,9.0,84.0
2020-11-29,46.0,40.0,9.0,58.0,5.0,58.0
2020-11-30,22.0,39.0,6.0,23.0,3.0,39.0
2020-12-01,47.0,43.0,15.0,17.0,5.0,75.0
2020-12-02,51.0,43.0,7.0,27.0,4.0,72.0
2020-12-03,32.0,20.0,9.0,68.0,18.0,68.0
2020-12-04,46.0,50.0,6.0,30.0,8.0,64.0
2020-12-05,25.0,30.0,5.0,48.0,2.0,48.0
2020-12-06,35.0,23.0,8.0,34.0,7.0,52.0
2020-12-07,22.0,44.0,6.0,20.0,1.0,44.0
2020-12-08,36.0,31.0,8.0,23.0,8.0,52.0
2020-12-09,32.0,22.0,5.0,25.0,8.0,46.0
2020-12-10,32.0,30.0,4.0,25.0,7.0,48.0
2020-12-11,34.0,51.0,12.0,38.0,5.0,55.0
2020-12-12,38.0,51.0,7.0,23.0,6.0,51.0
2020-12-13,29.0,23.0,7.0,40.0,12.0,46.0
2020-12-14,27.0,22.0,7.0,54.0,9.0,54.0
2020-12-17,25.0,22.0,6.0,45.0,14.0,46.0
2020-12-18,26.0,22.0,5.0,46.0,5.0,46.0
2020-12-20,38.0,23.0,8.0,39.0,6.0,55.0
2020-12-21,16.0,41.0,6.0,15.0,3.0,41.0
2020-12-22,40.0,24.0,10.0,20.0,3.0,61.0
2020-12-23,68.0,15.0,25.0,29.0,5.0,106.0
2020-12-24,52.0,16.0,9.0,42.0,6.0,69.0
2020-12-25,39.0,14.0,7.0,28.0,3.0,53.0
2020-12-26,37.0,13.0,5.0,27.0,2.0,52.0
2020-12-27,44.0,15.0,8.0,48.0,4.0,59.0
2020-12-28,45.0,14.0,12.0,53.0,4.0,57.0
2020-12-29,26.0,23.0,4.0,45.0,19.0,45.0
2020-12-31,33.0,16.0,11.0,64.0,9.0,64.0
2021-01-01,38.0,2.0,11.0,65.0,6.0,65.0
2021-01-02,58.0,15.0,22.0,38.0,5.0,86.0
2021-01-03,64.0,14.0,20.0,35.0,5.0,93.0
2021-01-05,59.0,15.0,19.0,42.0,7.0,89.0
2021-01-09,51.0,12.0,27.0,80.0,12.0,80.0
2021-01-10,24.0,13.0,10.0,59.0,14.0,59.0
2021-01-12,27.0,15.0,7.0,77.0,15.0,77.0
2021-01-13,33.0,13.0,10.0,68.0,7.0,68.0
2021-01-14,29.0,20.0,14.0,40.0,8.0,78.0
2021-01-15,24.0,19.0,16.0,64.0,6.0,82.0
2021-01-16,70.0,19.0,16.0,60.0,7.0,92.0
2021-01-17,55.0,16.0,10.0,93.0,10.0,93.0
2021-01-18,35.0,13.0,5.0,78.0,9.0,78.0
2021-01-19,31.0,11.0,6.0,58.0,9.0,58.0
2021-01-20,42.0,11.0,6.0,72.0,6.0,72.0
2021-01-21,46.0,12.0,9.0,67.0,13.0,67.0
2021-01-22,84.0,20.0,33.0,57.0,10.0,112.0
2021-01-23,89.0,19.0,42.0,64.0,13.0,126.0
2021-01-24,64.0,19.0,31.0,34.0,10.0,90.0
2021-01-25,62.0,14.0,26.0,134.0,14.0,134.0
2021-01-26,54.0,18.0,15.0,50.0,7.0,79.0
2021-01-27,21.0,25.0,7.0,63.0,5.0,63.0
2021-01-28,28.0,25.0,10.0,53.0,7.0,53.0
2021-01-29,28.0,26.0,7.0,65.0,9.0,65.0
2021-01-30,27.0,25.0,10.0,64.0,8.0,64.0
2021-01-31,38.0,24.0,11.0,68.0,7.0,68.0
2021-02-01,70.0,29.0,26.0,15.0,34.0,126.0
2021-02-02,53.0,25.0,10.0,27.0,14.0,70.0
2021-02-03,32.0,27.0,6.0,24.0,9.0,53.0
2021-02-04,32.0,28.0,9.0,14.0,17.0,59.0
2021-02-05,27.0,24.0,10.0,24.0,12.0,51.0
2021-02-09,31.0,40.0,13.0,19.0,9.0,57.0
2021-02-10,50.0,24.0,11.0,23.0,10.0,64.0
2021-02-11,38.0,23.0,6.0,18.0,7.0,57.0
2021-02-12,63.0,25.0,13.0,20.0,8.0,98.0
2021-02-13,59.0,26.0,12.0,30.0,13.0,89.0
2021-02-14,55.0,25.0,11.0,35.0,13.0,73.0
2021-02-15,42.0,40.0,11.0,25.0,12.0,66.0
2021-02-16,43.0,40.0,11.0,23.0,13.0,63.0
2021-02-17,44.0,33.0,25.0,14.0,37.0,71.0
2021-02-18,53.0,28.0,8.0,26.0,12.0,70.0
2021-02-19,27.0,24.0,16.0,14.0,33.0,52.0
2021-02-20,33.0,39.0,12.0,24.0,12.0,63.0
2021-02-21,29.0,22.0,8.0,18.0,12.0,52.0
2021-02-22,68.0,26.0,22.0,30.0,14.0,103.0
2021-02-23,66.0,26.0,12.0,29.0,16.0,90.0
2021-02-24,42.0,39.0,9.0,13.0,6.0,61.0
2021-02-25,27.0,25.0,6.0,24.0,7.0,54.0
2021-02-26,48.0,39.0,11.0,23.0,13.0,75.0
2021-02-27,59.0,40.0,13.0,30.0,12.0,94.0
2021-02-28,68.0,39.0,18.0,24.0,14.0,113.0
2021-03-01,62.0,28.0,13.0,21.0,14.0,97.0
2021-03-02,46.0,39.0,17.0,29.0,14.0,81.0
2021-03-03,57.0,27.0,18.0,38.0,20.0,83.0
2021-03-04,62.0,40.0,19.0,33.0,11.0,103.0
2021-03-05,65.0,54.0,16.0,59.0,26.0,81.0
2021-03-06,61.0,40.0,22.0,32.0,13.0,95.0
2021-03-07,59.0,30.0,18.0,22.0,26.0,103.0
2021-03-08,58.0,40.0,16.0,19.0,6.0,81.0
2021-03-09,41.0,30.0,7.0,19.0,10.0,63.0
2021-03-10,53.0,27.0,21.0,17.0,39.0,91.0
2021-03-11,28.0,39.0,9.0,25.0,9.0,53.0
2021-03-12,66.0,29.0,13.0,29.0,15.0,99.0
2021-03-13,53.0,29.0,7.0,23.0,9.0,72.0
2021-03-14,52.0,28.0,10.0,16.0,10.0,73.0
2021-03-15,55.0,34.0,17.0,18.0,33.0,92.0
2021-03-16,57.0,46.0,13.0,37.0,18.0,101.0
2021-03-17,68.0,43.0,20.0,37.0,14.0,123.0
2021-03-18,68.0,45.0,16.0,37.0,22.0,125.0
2021-03-19,58.0,35.0,10.0,33.0,16.0,96.0
2021-03-20,65.0,31.0,12.0,45.0,17.0,106.0
2021-03-21,81.0,27.0,15.0,37.0,16.0,118.0
2021-03-22,62.0,26.0,15.0,36.0,10.0,93.0
2021-03-23,51.0,26.0,9.0,27.0,8.0,77.0
2021-03-24,43.0,26.0,6.0,27.0,8.0,64.0
2021-03-25,36.0,41.0,8.0,19.0,12.0,68.0
2021-03-26,52.0,42.0,17.0,31.0,16.0,83.0
2021-03-27,58.0,43.0,13.0,35.0,20.0,91.0
2021-03-28,50.0,22.0,12.0,34.0,19.0,78.0
2021-03-29,54.0,21.0,17.0,29.0,26.0,91.0
2021-03-30,41.0,42.0,14.0,21.0,25.0,76.0
2021-03-31,48.0,43.0,12.0,25.0,18.0,69.0
2021-04-01,28.0,26.0,5.0,35.0,7.0,52.0
2021-04-02,51.0,33.0,8.0,37.0,10.0,70.0
2021-04-03,39.0,42.0,9.0,22.0,14.0,67.0
2021-04-06,43.0,32.0,10.0,36.0,15.0,61.0
2021-04-07,30.0,33.0,9.0,43.0,8.0,52.0
2021-04-08,39.0,34.0,10.0,40.0,14.0,57.0
2021-04-09,52.0,34.0,7.0,18.0,21.0,77.0
2021-04-11,66.0,47.0,18.0,35.0,24.0,108.0
2021-04-12,69.0,51.0,20.0,54.0,23.0,93.0
2021-04-13,70.0,63.0,14.0,64.0,21.0,82.0
2021-04-14,65.0,55.0,16.0,65.0,22.0,81.0
2021-04-15,54.0,23.0,24.0,30.0,42.0,88.0
2021-04-16,69.0,55.0,17.0,50.0,28.0,94.0
2021-04-17,67.0,29.0,16.0,28.0,31.0,118.0
2021-04-18,55.0,29.0,11.0,32.0,16.0,93.0
2021-04-19,62.0,32.0,13.0,32.0,19.0,108.0
2021-04-21,62.0,25.0,15.0,25.0,25.0,105.0
2021-04-22,60.0,45.0,10.0,34.0,17.0,99.0
2021-04-23,67.0,19.0,13.0,31.0,24.0,112.0
2021-04-24,88.0,61.0,17.0,73.0,25.0,115.0
2021-04-25,73.0,37.0,17.0,20.0,17.0,116.0
2021-04-26,64.0,37.0,11.0,22.0,14.0,117.0
2021-04-27,75.0,38.0,11.0,27.0,13.0,138.0
2021-04-28,55.0,37.0,9.0,28.0,17.0,94.0
2021-04-29,69.0,60.0,15.0,44.0,26.0,85.0
2021-04-30,71.0,57.0,14.0,55.0,21.0,91.0
2021-05-04,74.0,41.0,15.0,17.0,13.0,113.0
2021-05-05,73.0,38.0,20.0,21.0,21.0,117.0
2021-05-06,54.0,37.0,7.0,27.0,16.0,77.0
2021-05-07,39.0,19.0,15.0,151.0,20.0,151.0
2021-05-08,56.0,39.0,9.0,29.0,15.0,87.0
2021-05-09,46.0,37.0,6.0,31.0,11.0,66.0
2021-05-10,46.0,22.0,8.0,66.0,13.0,76.0
2021-05-11,65.0,38.0,8.0,31.0,11.0,102.0
2021-05-12,67.0,37.0,9.0,27.0,11.0,105.0
2021-05-13,65.0,25.0,14.0,31.0,13.0,115.0
2021-05-14,51.0,25.0,7.0,32.0,6.0,81.0
2021-05-17,45.0,22.0,10.0,29.0,13.0,75.0
2021-05-19,61.0,39.0,10.0,25.0,23.0,99.0
2021-05-20,60.0,36.0,9.0,29.0,19.0,103.0
2021-05-21,55.0,37.0,9.0,27.0,20.0,95.0
2021-05-22,64.0,62.0,15.0,66.0,28.0,90.0
2021-05-23,63.0,24.0,23.0,27.0,40.0,109.0
2021-05-24,72.0,57.0,26.0,33.0,24.0,118.0
2021-05-25,44.0,24.0,9.0,30.0,22.0,70.0
2021-05-26,55.0,38.0,9.0,28.0,20.0,93.0
2021-05-27,50.0,41.0,6.0,26.0,18.0,79.0
2021-05-28,56.0,40.0,11.0,26.0,20.0,93.0
2021-05-29,57.0,40.0,10.0,29.0,26.0,91.0
2021-05-30,47.0,41.0,15.0,26.0,23.0,72.0
2021-05-31,59.0,41.0,9.0,37.0,24.0,93.0
2021-06-03,68.0,57.0,16.0,61.0,32.0,93.0
2021-06-04,62.0,43.0,7.0,41.0,17.0,100.0
2021-06-05,57.0,41.0,11.0,36.0,23.0,93.0
2021-06-06,63.0,45.0,11.0,26.0,19.0,95.0
2021-06-07,50.0,41.0,9.0,37.0,21.0,86.0
2021-06-10,68.0,37.0,9.0,32.0,28.0,108.0
2021-06-12,55.0,27.0,13.0,30.0,24.0,93.0
2021-06-13,49.0,36.0,12.0,32.0,23.0,80.0
2021-06-14,63.0,35.0,13.0,28.0,21.0,103.0
2021-06-15,73.0,52.0,9.0,24.0,21.0,114.0
2021-06-16,58.0,28.0,25.0,9.0,55.0,97.0
2021-06-17,64.0,35.0,28.0,20.0,28.0,102.0
2021-06-18,67.0,38.0,19.0,18.0,24.0,102.0
2021-06-19,56.0,31.0,19.0,15.0,31.0,102.0
2021-06-20,74.0,36.0,22.0,20.0,26.0,140.0
2021-06-21,51.0,29.0,14.0,19.0,21.0,90.0
2021-06-22,47.0,33.0,16.0,21.0,22.0,84.0
2021-06-23,58.0,38.0,14.0,23.0,25.0,107.0
2021-06-24,66.0,37.0,15.0,16.0,27.0,119.0
2021-06-25,82.0,39.0,18.0,20.0,24.0,147.0
2021-06-26,67.0,36.0,10.0,26.0,18.0,118.0
2021-06-27,72.0,34.0,18.0,29.0,22.0,134.0
2021-06-28,60.0,36.0,18.0,30.0,22.0,117.0
2021-06-29,72.0,35.0,24.0,21.0,50.0,128.0
2021-06-30,65.0,36.0,14.0,21.0,29.0,125.0
2021-07-01,62.0,37.0,13.0,23.0,27.0,114.0
2021-07-02,59.0,40.0,10.0,18.0,23.0,108.0
2021-07-03,72.0,37.0,13.0,25.0,20.0,141.0
2021-07-04,84.0,38.0,14.0,27.0,22.0,161.0
2021-07-05,83.0,39.0,13.0,31.0,26.0,153.0
2021-07-06,68.0,44.0,7.0,32.0,16.0,102.0
2021-07-07,69.0,40.0,12.0,26.0,26.0,130.0
2021-07-08,74.0,40.0,10.0,29.0,25.0,145.0
2021-07-09,87.0,42.0,11.0,30.0,25.0,156.0
2021-07-10,71.0,45.0,9.0,29.0,21.0,132.0
2021-07-11,66.0,39.0,10.0,21.0,17.0,119.0
2021-07-12,64.0,52.0,9.0,44.0,13.0,64.0
2021-07-13,78.0,54.0,11.0,43.0,23.0,119.0
2021-07-14,57.0,39.0,13.0,20.0,26.0,116.0
2021-07-15,95.0,40.0,15.0,22.0,24.0,174.0
2021-07-16,71.0,37.0,11.0,24.0,29.0,138.0
2021-07-17,73.0,35.0,9.0,26.0,19.0,134.0
2021-07-18,75.0,37.0,12.0,32.0,22.0,150.0
2021-07-19,74.0,36.0,11.0,32.0,21.0,140.0
2021-07-20,80.0,38.0,13.0,26.0,21.0,147.0
2021-07-21,55.0,36.0,9.0,30.0,18.0,102.0
2021-07-22,57.0,39.0,9.0,28.0,26.0,110.0
2021-07-23,56.0,36.0,10.0,35.0,25.0,104.0
2021-07-24,56.0,37.0,12.0,27.0,25.0,104.0
2021-07-25,81.0,38.0,22.0,28.0,24.0,148.0
2021-07-26,68.0,39.0,14.0,24.0,25.0,131.0
2021-07-27,71.0,40.0,12.0,24.0,26.0,140.0
2021-07-28,73.0,39.0,14.0,24.0,27.0,145.0
2021-07-29,78.0,32.0,18.0,29.0,39.0,140.0
2021-07-30,83.0,39.0,15.0,37.0,34.0,154.0
2021-07-31,56.0,38.0,9.0,29.0,22.0,100.0
2021-08-01,51.0,39.0,8.0,30.0,22.0,86.0
2021-08-02,42.0,38.0,9.0,27.0,20.0,81.0
2021-08-03,55.0,38.0,12.0,21.0,25.0,104.0
2021-08-04,64.0,53.0,9.0,50.0,14.0,89.0
2021-08-05,53.0,38.0,8.0,21.0,19.0,90.0
2021-08-06,59.0,37.0,16.0,13.0,21.0,105.0
2021-08-07,59.0,38.0,8.0,19.0,18.0,101.0
2021-08-08,54.0,40.0,7.0,21.0,17.0,92.0
2021-08-09,48.0,40.0,6.0,26.0,16.0,82.0
2021-08-10,35.0,38.0,6.0,30.0,19.0,68.0
2021-08-11,56.0,39.0,11.0,27.0,23.0,102.0
2021-08-12,57.0,40.0,8.0,21.0,20.0,104.0
2021-08-13,55.0,40.0,11.0,19.0,25.0,101.0
2021-08-14,73.0,38.0,14.0,26.0,40.0,116.0
2021-08-15,63.0,39.0,11.0,15.0,21.0,114.0
2021-08-16,55.0,41.0,8.0,17.0,21.0,100.0
2021-08-17,59.0,41.0,8.0,24.0,20.0,103.0
2021-08-18,58.0,38.0,9.0,30.0,20.0,97.0
2021-08-19,67.0,42.0,13.0,28.0,28.0,119.0
2021-08-20,64.0,40.0,11.0,28.0,23.0,106.0
2021-08-21,58.0,32.0,10.0,31.0,24.0,89.0
2021-08-22,74.0,43.0,14.0,22.0,29.0,134.0
2021-08-23,63.0,40.0,10.0,24.0,20.0,106.0
2021-08-24,61.0,42.0,11.0,26.0,24.0,110.0
2021-08-25,62.0,42.0,9.0,26.0,28.0,106.0
2021-08-26,64.0,32.0,9.0,31.0,14.0,96.0
2021-08-27,58.0,39.0,10.0,28.0,22.0,105.0
2021-08-28,65.0,38.0,10.0,36.0,23.0,123.0
2021-08-29,66.0,39.0,12.0,28.0,25.0,122.0
2021-08-30,76.0,41.0,16.0,30.0,31.0,140.0
2021-08-31,61.0,41.0,10.0,32.0,26.0,109.0
2021-09-01,68.0,40.0,16.0,26.0,27.0,118.0
2021-09-02,65.0,39.0,12.0,26.0,25.0,115.0
2021-09-03,62.0,42.0,10.0,34.0,23.0,111.0
2021-09-04,57.0,42.0,9.0,31.0,19.0,93.0
2021-09-05,69.0,43.0,12.0,27.0,26.0,120.0
2021-09-06,62.0,42.0,9.0,29.0,16.0,109.0
2021-09-07,56.0,42.0,8.0,21.0,21.0,86.0
2021-09-08,63.0,40.0,15.0,29.0,25.0,106.0
2021-09-09,68.0,54.0,12.0,35.0,29.0,88.0
2021-09-10,45.0,42.0,8.0,26.0,19.0,80.0
2021-09-11,59.0,43.0,10.0,33.0,30.0,109.0
2021-09-12,63.0,41.0,10.0,24.0,19.0,111.0
2021-09-13,54.0,42.0,7.0,18.0,16.0,88.0
2021-09-14,36.0,41.0,6.0,19.0,15.0,61.0
2021-09-15,60.0,42.0,19.0,18.0,23.0,110.0
2021-09-16,53.0,42.0,7.0,28.0,15.0,89.0
2021-09-17,50.0,42.0,6.0,29.0,14.0,85.0
2021-09-18,57.0,43.0,7.0,23.0,15.0,101.0
2021-09-20,58.0,52.0,11.0,54.0,25.0,81.0
2021-10-05,65.0,67.0,11.0,54.0,27.0,90.0
2021-10-06,66.0,47.0,8.0,37.0,17.0,103.0
2021-10-07,52.0,41.0,7.0,27.0,23.0,77.0
2021-10-08,58.0,45.0,9.0,30.0,22.0,98.0
2021-10-09,55.0,47.0,7.0,36.0,21.0,83.0
2021-10-10,61.0,42.0,9.0,43.0,16.0,97.0
2021-10-11,68.0,64.0,12.0,66.0,26.0,100.0
2021-10-12,70.0,47.0,9.0,32.0,25.0,111.0
2021-10-15,100.0,41.0,15.0,50.0,26.0,157.0
2021-10-16,67.0,40.0,14.0,51.0,23.0,122.0
2021-10-18,57.0,42.0,11.0,32.0,19.0,88.0
2021-10-21,53.0,53.0,11.0,29.0,15.0,74.0
2021-10-22,71.0,45.0,13.0,36.0,21.0,120.0
2021-10-23,65.0,45.0,10.0,35.0,20.0,109.0
2021-10-24,68.0,44.0,15.0,39.0,23.0,113.0
2021-10-25,62.0,44.0,11.0,41.0,22.0,104.0
2021-10-26,75.0,45.0,16.0,36.0,24.0,130.0
2021-10-27,59.0,43.0,10.0,50.0,21.0,90.0
2021-10-28,54.0,40.0,11.0,56.0,18.0,78.0
2021-10-29,54.0,80.0,14.0,49.0,26.0,80.0
2021-10-30,62.0,43.0,15.0,58.0,18.0,103.0
2021-10-31,56.0,63.0,12.0,56.0,28.0,79.0
2021-11-02,54.0,40.0,18.0,47.0,22.0,77.0
2021-11-03,51.0,42.0,12.0,73.0,17.0,83.0
2021-11-04,63.0,20.0,13.0,63.0,42.0,95.0
2021-11-05,61.0,43.0,16.0,14.0,20.0,95.0
2021-11-06,55.0,44.0,11.0,26.0,29.0,86.0
2021-11-07,52.0,44.0,9.0,35.0,17.0,81.0
2021-11-09,64.0,43.0,15.0,31.0,19.0,106.0
2021-11-10,61.0,37.0,11.0,20.0,19.0,100.0
2021-11-11,45.0,37.0,10.0,13.0,14.0,71.0
2021-11-12,32.0,37.0,7.0,19.0,14.0,63.0
2021-11-13,52.0,38.0,14.0,30.0,17.0,82.0
2021-11-14,48.0,36.0,13.0,24.0,14.0,68.0
2021-11-15,36.0,36.0,7.0,16.0,11.0,58.0
2021-11-16,53.0,47.0,11.0,24.0,11.0,82.0
2021-11-17,60.0,39.0,10.0,19.0,14.0,99.0
2021-11-18,63.0,41.0,9.0,27.0,18.0,106.0
2021-11-19,32.0,5.0,7.0,42.0,12.0,45.0
2021-11-20,26.0,38.0,6.0,21.0,13.0,58.0
2021-11-21,52.0,41.0,14.0,29.0,13.0,76.0
2021-11-22,23.0,37.0,4.0,14.0,9.0,45.0
2021-11-23,25.0,5.0,7.0,41.0,9.0,55.0
2021-11-24,27.0,37.0,5.0,26.0,12.0,59.0
2021-11-25,63.0,42.0,12.0,27.0,11.0,83.0
2021-11-26,58.0,38.0,14.0,17.0,13.0,78.0
2021-11-27,37.0,37.0,8.0,13.0,12.0,56.0
2021-11-28,18.0,3.0,7.0,47.0,9.0,47.0
2021-11-29,29.0,37.0,8.0,17.0,11.0,55.0
2021-11-30,39.0,38.0,8.0,24.0,15.0,66.0
2021-12-01,63.0,39.0,12.0,19.0,23.0,100.0
2021-12-02,33.0,38.0,5.0,18.0,13.0,56.0
2021-12-03,41.0,39.0,7.0,23.0,15.0,71.0
2021-12-04,50.0,45.0,10.0,26.0,13.0,65.0
2021-12-05,53.0,39.0,17.0,13.0,15.0,80.0
2021-12-06,62.0,47.0,17.0,42.0,18.0,91.0
2021-12-07,179.0,39.0,9.0,17.0,15.0,179.0
2021-12-08,47.0,40.0,14.0,25.0,14.0,76.0
2021-12-09,38.0,40.0,9.0,28.0,19.0,63.0
2021-12-10,45.0,42.0,10.0,24.0,19.0,73.0
2021-12-11,32.0,39.0,7.0,22.0,17.0,60.0
2021-12-13,53.0,44.0,11.0,23.0,10.0,68.0
2021-12-14,50.0,40.0,7.0,28.0,14.0,76.0
2021-12-15,69.0,40.0,15.0,29.0,23.0,124.0
2021-12-16,78.0,41.0,14.0,32.0,18.0,136.0
2021-12-17,55.0,39.0,13.0,34.0,17.0,81.0
2021-12-19,64.0,41.0,21.0,40.0,22.0,102.0
2021-12-20,57.0,42.0,10.0,30.0,16.0,86.0
2021-12-21,52.0,41.0,19.0,22.0,17.0,74.0
2021-12-23,70.0,46.0,19.0,42.0,42.0,99.0
2022-01-01,57.0,48.0,13.0,34.0,18.0,85.0
2022-01-02,40.0,45.0,10.0,36.0,11.0,70.0
2022-01-03,49.0,49.0,13.0,37.0,21.0,80.0
2022-01-04,59.0,51.0,14.0,51.0,26.0,102.0
2022-01-05,95.0,53.0,18.0,55.0,32.0,165.0
2022-01-06,73.0,53.0,16.0,48.0,42.0,117.0
2022-01-07,71.0,48.0,22.0,38.0,41.0,113.0
2022-01-08,55.0,52.0,17.0,41.0,29.0,77.0
2022-01-09,56.0,52.0,14.0,39.0,27.0,82.0
2022-01-10,60.0,51.0,13.0,36.0,26.0,87.0
2022-01-11,46.0,53.0,12.0,37.0,28.0,60.0
2022-01-12,46.0,51.0,15.0,38.0,29.0,59.0
2022-01-13,38.0,52.0,15.0,63.0,32.0,63.0
2022-01-14,46.0,48.0,15.0,63.0,32.0,63.0
2022-01-15,55.0,51.0,15.0,68.0,29.0,69.0
2022-01-16,67.0,47.0,20.0,65.0,32.0,102.0
2022-01-17,67.0,44.0,19.0,63.0,28.0,93.0
2022-01-18,54.0,47.0,14.0,59.0,33.0,67.0
2022-01-19,45.0,45.0,15.0,69.0,22.0,69.0
2022-01-20,40.0,55.0,14.0,68.0,24.0,68.0
2022-01-21,40.0,51.0,15.0,51.0,23.0,57.0
2022-01-22,52.0,51.0,12.0,39.0,20.0,73.0
2022-01-23,57.0,50.0,11.0,35.0,15.0,73.0
2022-01-24,57.0,48.0,11.0,58.0,18.0,74.0
2022-01-25,41.0,46.0,9.0,51.0,19.0,58.0
2022-01-26,38.0,45.0,14.0,57.0,24.0,57.0
2022-01-27,58.0,47.0,14.0,48.0,25.0,75.0
2022-01-28,63.0,52.0,12.0,60.0,28.0,84.0
2022-01-29,65.0,52.0,30.0,52.0,46.0,120.0
2022-01-30,75.0,53.0,25.0,59.0,50.0,129.0
2022-01-31,72.0,58.0,44.0,53.0,44.0,119.0
2022-02-01,64.0,52.0,13.0,76.0,21.0,89.0
2022-02-02,66.0,47.0,22.0,64.0,26.0,101.0
2022-02-03,58.0,48.0,20.0,65.0,33.0,99.0
2022-02-04,54.0,46.0,12.0,68.0,27.0,72.0
2022-02-05,43.0,53.0,18.0,55.0,30.0,62.0
2022-02-06,39.0,58.0,15.0,57.0,21.0,58.0
2022-02-07,40.0,48.0,13.0,67.0,22.0,67.0
2022-02-08,58.0,39.0,18.0,60.0,31.0,109.0
2022-02-09,64.0,39.0,36.0,55.0,45.0,101.0
2022-02-10,24.0,41.0,12.0,49.0,23.0,49.0
2022-02-11,62.0,48.0,20.0,48.0,33.0,95.0
2022-02-12,52.0,42.0,14.0,55.0,29.0,68.0
2022-02-13,70.0,41.0,19.0,55.0,29.0,98.0
2022-02-14,66.0,51.0,29.0,49.0,39.0,109.0
2022-02-15,74.0,52.0,33.0,61.0,38.0,119.0
2022-02-16,66.0,48.0,24.0,62.0,33.0,110.0
2022-02-17,53.0,45.0,19.0,86.0,29.0,86.0
2022-02-18,65.0,47.0,18.0,67.0,30.0,118.0
2022-02-19,67.0,44.0,23.0,69.0,37.0,108.0
2022-02-20,70.0,47.0,26.0,62.0,36.0,115.0
2022-02-21,54.0,41.0,21.0,50.0,35.0,86.0
2022-02-22,54.0,42.0,13.0,56.0,35.0,92.0
2022-02-23,55.0,49.0,16.0,43.0,38.0,87.0
2022-02-24,45.0,41.0,14.0,38.0,21.0,71.0
2022-02-25,50.0,40.0,15.0,28.0,17.0,59.0
2022-02-26,40.0,39.0,15.0,28.0,16.0,60.0
2022-02-27,31.0,39.0,14.0,30.0,12.0,51.0
2022-02-28,27.0,40.0,12.0,30.0,11.0,50.0
2022-03-01,27.0,44.0,11.0,17.0,12.0,50.0
2022-03-02,32.0,46.0,15.0,24.0,15.0,51.0
2022-03-03,30.0,43.0,12.0,35.0,18.0,55.0
2022-03-04,32.0,41.0,13.0,45.0,20.0,53.0
2022-03-05,48.0,40.0,17.0,36.0,22.0,68.0
2022-03-06,53.0,38.0,21.0,28.0,18.0,90.0
2022-03-07,29.0,37.0,13.0,37.0,13.0,53.0
2022-03-08,55.0,40.0,15.0,45.0,25.0,102.0
2022-03-09,50.0,40.0,20.0,58.0,28.0,75.0
2022-03-10,60.0,42.0,24.0,79.0,40.0,112.0
2022-03-11,77.0,46.0,23.0,52.0,52.0,107.0
2022-03-12,50.0,39.0,13.0,41.0,21.0,59.0
2022-03-13,46.0,43.0,18.0,36.0,20.0,65.0
2022-03-14,60.0,39.0,25.0,80.0,31.0,109.0
2022-03-15,56.0,41.0,22.0,54.0,28.0,97.0
2022-03-16,51.0,41.0,21.0,53.0,25.0,76.0
2022-03-17,77.0,40.0,23.0,77.0,28.0,141.0
2022-03-18,67.0,40.0,23.0,69.0,32.0,111.0
2022-03-19,46.0,40.0,15.0,48.0,20.0,73.0
2022-03-20,55.0,39.0,13.0,34.0,14.0,71.0
2022-03-21,38.0,38.0,10.0,34.0,8.0,53.0
2022-03-22,50.0,38.0,12.0,35.0,17.0,63.0
2022-03-23,46.0,41.0,16.0,34.0,19.0,61.0
2022-03-24,43.0,43.0,15.0,40.0,22.0,65.0
2022-03-25,90.0,51.0,19.0,70.0,29.0,122.0
2022-03-26,67.0,43.0,17.0,49.0,29.0,92.0
2022-03-27,84.0,46.0,49.0,42.0,51.0,126.0
2022-03-28,49.0,40.0,12.0,59.0,28.0,62.0
2022-03-29,61.0,44.0,17.0,52.0,31.0,117.0
2022-03-30,75.0,42.0,20.0,109.0,35.0,119.0
2022-03-31,95.0,49.0,34.0,137.0,34.0,160.0
2022-04-01,74.0,47.0,19.0,76.0,38.0,114.0
2022-04-02,61.0,42.0,18.0,70.0,28.0,99.0
2022-04-03,51.0,39.0,14.0,40.0,17.0,74.0
2022-04-04,49.0,43.0,23.0,69.0,27.0,71.0
2022-04-05,73.0,53.0,19.0,73.0,43.0,92.0
2022-04-06,54.0,40.0,20.0,57.0,32.0,87.0
2022-04-07,58.0,42.0,22.0,62.0,35.0,90.0
2022-04-08,52.0,40.0,17.0,50.0,29.0,81.0
2022-04-09,50.0,42.0,21.0,59.0,28.0,76.0
2022-04-10,82.0,46.0,27.0,80.0,38.0,164.0
2022-04-11,63.0,44.0,17.0,95.0,31.0,98.0
2022-04-12,71.0,52.0,22.0,78.0,43.0,107.0
2022-04-13,78.0,42.0,21.0,118.0,40.0,118.0
2022-04-14,66.0,44.0,14.0,111.0,25.0,111.0
2022-04-15,61.0,41.0,15.0,81.0,28.0,102.0
2022-04-16,63.0,46.0,16.0,91.0,21.0,119.0
2022-04-17,76.0,52.0,21.0,93.0,24.0,148.0
2022-04-18,73.0,40.0,13.0,88.0,14.0,135.0
2022-04-19,52.0,41.0,13.0,84.0,29.0,84.0
2022-04-20,61.0,42.0,18.0,69.0,34.0,105.0
2022-04-21,46.0,41.0,15.0,43.0,24.0,56.0
2022-04-22,83.0,49.0,25.0,52.0,42.0,128.0
2022-04-23,60.0,42.0,30.0,52.0,43.0,108.0
2022-04-24,63.0,41.0,24.0,82.0,30.0,114.0
2022-04-25,60.0,44.0,14.0,99.0,28.0,118.0
2022-04-26,59.0,41.0,13.0,70.0,29.0,82.0
2022-04-27,47.0,44.0,13.0,45.0,26.0,91.0
2022-04-28,42.0,41.0,12.0,59.0,20.0,83.0
2022-04-29,35.0,40.0,10.0,46.0,16.0,60.0
2022-04-30,39.0,38.0,16.0,17.0,6.0,53.0
2022-05-01,66.0,48.0,24.0,61.0,26.0,126.0
2022-05-02,58.0,41.0,16.0,82.0,17.0,90.0
2022-05-03,36.0,40.0,13.0,58.0,23.0,58.0
2022-05-04,51.0,41.0,11.0,77.0,18.0,85.0
2022-05-05,53.0,41.0,13.0,72.0,20.0,102.0
2022-05-06,39.0,42.0,10.0,58.0,12.0,73.0
2022-05-07,56.0,41.0,12.0,82.0,13.0,92.0
2022-05-08,63.0,42.0,19.0,76.0,21.0,98.0
2022-05-09,58.0,44.0,12.0,73.0,24.0,95.0
2022-05-10,54.0,50.0,17.0,74.0,28.0,86.0
2022-05-11,54.0,41.0,12.0,81.0,26.0,81.0
2022-05-12,61.0,54.0,13.0,63.0,25.0,85.0
2022-05-13,34.0,44.0,8.0,65.0,20.0,65.0
2022-05-14,57.0,44.0,14.0,72.0,30.0,101.0
2022-05-15,77.0,42.0,19.0,87.0,23.0,126.0
2022-05-16,58.0,42.0,22.0,81.0,31.0,100.0
2022-05-17,66.0,42.0,22.0,77.0,31.0,128.0
2022-05-18,62.0,42.0,15.0,89.0,24.0,99.0
2022-05-19,75.0,43.0,28.0,64.0,46.0,136.0
2022-05-20,70.0,43.0,24.0,71.0,43.0,128.0
2022-05-21,58.0,44.0,20.0,58.0,32.0,82.0
2022-05-22,58.0,44.0,17.0,55.0,25.0,110.0
2022-05-23,68.0,47.0,17.0,53.0,24.0,123.0
2022-05-24,58.0,46.0,11.0,54.0,21.0,98.0
2022-05-25,74.0,48.0,16.0,58.0,27.0,121.0
2022-05-26,57.0,45.0,15.0,52.0,26.0,93.0
2022-05-27,79.0,52.0,25.0,76.0,35.0,146.0
2022-05-28,57.0,43.0,17.0,82.0,33.0,105.0
2022-05-29,64.0,43.0,23.0,65.0,40.0,107.0
2022-05-30,51.0,45.0,17.0,58.0,31.0,89.0
2022-05-31,63.0,44.0,44.0,59.0,44.0,100.0
2022-06-01,53.0,43.0,18.0,55.0,27.0,77.0
2022-06-02,56.0,44.0,15.0,76.0,33.0,100.0
2022-06-03,51.0,44.0,20.0,72.0,36.0,72.0
2022-06-04,78.0,44.0,26.0,92.0,51.0,136.0
2022-06-05,62.0,45.0,15.0,87.0,27.0,116.0
2022-06-06,64.0,44.0,21.0,62.0,35.0,111.0
2022-06-07,61.0,44.0,18.0,50.0,32.0,76.0
2022-06-08,65.0,44.0,18.0,54.0,25.0,110.0
2022-06-09,65.0,51.0,27.0,34.0,46.0,97.0
2022-06-10,56.0,44.0,26.0,49.0,36.0,82.0
2022-06-11,58.0,45.0,15.0,67.0,28.0,92.0
2022-06-12,61.0,45.0,22.0,71.0,33.0,112.0
2022-06-13,61.0,46.0,22.0,71.0,38.0,97.0
2022-06-14,75.0,49.0,27.0,52.0,50.0,112.0
2022-06-15,80.0,45.0,25.0,44.0,43.0,141.0
2022-06-16,79.0,46.0,32.0,50.0,45.0,146.0
2022-06-17,85.0,45.0,25.0,50.0,37.0,130.0
2022-06-18,75.0,45.0,30.0,58.0,42.0,117.0
2022-06-19,73.0,47.0,23.0,82.0,37.0,118.0
2022-06-20,78.0,45.0,17.0,99.0,27.0,131.0
2022-06-21,79.0,47.0,18.0,70.0,32.0,114.0
2022-06-22,71.0,47.0,17.0,72.0,27.0,123.0
2022-06-23,82.0,46.0,19.0,68.0,32.0,119.0
2022-06-24,85.0,46.0,22.0,77.0,38.0,123.0
2022-06-25,82.0,46.0,23.0,60.0,31.0,131.0
2022-06-26,68.0,45.0,22.0,69.0,36.0,106.0
2022-06-27,74.0,45.0,22.0,76.0,33.0,102.0
2022-06-28,57.0,46.0,16.0,82.0,29.0,82.0
2022-06-29,59.0,46.0,14.0,72.0,32.0,79.0
2022-06-30,68.0,48.0,13.0,84.0,26.0,117.0
2022-07-01,73.0,49.0,15.0,87.0,31.0,111.0
2022-07-02,81.0,47.0,18.0,106.0,29.0,137.0
2022-07-03,78.0,48.0,17.0,126.0,25.0,126.0
2022-07-04,56.0,49.0,11.0,60.0,13.0,78.0
2022-07-05,66.0,47.0,16.0,61.0,23.0,110.0
2022-07-06,75.0,45.0,25.0,71.0,26.0,129.0
2022-07-07,94.0,46.0,29.0,74.0,44.0,135.0
2022-07-08,55.0,48.0,17.0,95.0,25.0,95.0
2022-07-09,61.0,48.0,13.0,107.0,25.0,107.0
2022-07-10,63.0,47.0,13.0,84.0,19.0,93.0
2022-07-11,66.0,47.0,15.0,84.0,29.0,112.0
2022-07-12,77.0,49.0,17.0,84.0,28.0,123.0
2022-07-13,69.0,48.0,16.0,65.0,29.0,114.0
2022-07-14,85.0,47.0,25.0,57.0,33.0,125.0
2022-07-15,58.0,49.0,12.0,65.0,18.0,86.0
2022-07-16,36.0,46.0,15.0,48.0,31.0,59.0
2022-07-17,59.0,48.0,28.0,51.0,36.0,89.0
2022-07-18,75.0,48.0,30.0,84.0,36.0,143.0
2022-07-19,75.0,50.0,15.0,98.0,25.0,114.0
2022-07-20,76.0,49.0,18.0,94.0,26.0,124.0
2022-07-21,75.0,50.0,15.0,114.0,28.0,114.0
2022-07-22,74.0,50.0,17.0,96.0,25.0,121.0
2022-07-23,61.0,50.0,14.0,67.0,19.0,99.0
2022-07-24,54.0,47.0,14.0,94.0,21.0,94.0
2022-07-25,56.0,46.0,16.0,91.0,24.0,91.0
2022-07-26,67.0,49.0,16.0,85.0,20.0,110.0
2022-07-27,70.0,50.0,14.0,118.0,24.0,118.0
2022-07-28,82.0,50.0,16.0,90.0,30.0,132.0
2022-07-29,74.0,50.0,12.0,86.0,22.0,123.0
2022-07-30,66.0,49.0,15.0,95.0,22.0,118.0
2022-07-31,80.0,49.0,17.0,115.0,27.0,143.0
2022-08-01,68.0,50.0,12.0,91.0,19.0,109.0
2022-08-02,67.0,50.0,15.0,84.0,28.0,113.0
2022-08-03,82.0,51.0,19.0,129.0,24.0,141.0
2022-08-04,69.0,48.0,15.0,82.0,20.0,99.0
2022-08-05,60.0,47.0,17.0,79.0,26.0,82.0
2022-08-06,69.0,49.0,19.0,87.0,29.0,101.0
2022-08-07,76.0,50.0,18.0,114.0,29.0,119.0
2022-08-08,60.0,48.0,18.0,97.0,27.0,97.0
2022-08-09,61.0,50.0,14.0,103.0,21.0,103.0
2022-08-10,73.0,49.0,19.0,82.0,29.0,116.0
2022-08-11,74.0,52.0,19.0,80.0,27.0,107.0
2022-08-12,65.0,49.0,17.0,97.0,25.0,97.0
2022-08-13,58.0,48.0,21.0,76.0,36.0,77.0
2022-08-14,68.0,50.0,14.0,80.0,20.0,93.0
2022-08-15,64.0,50.0,17.0,63.0,28.0,84.0
2022-08-16,61.0,51.0,15.0,181.0,33.0,181.0
2022-08-17,55.0,48.0,17.0,108.0,25.0,108.0
2022-08-18,64.0,49.0,25.0,84.0,28.0,89.0
2022-08-19,70.0,49.0,14.0,66.0,26.0,105.0
2022-08-20,76.0,50.0,14.0,69.0,18.0,117.0
2022-08-21,59.0,49.0,13.0,65.0,17.0,101.0
2022-08-22,57.0,49.0,13.0,79.0,22.0,79.0
2022-08-23,76.0,49.0,17.0,81.0,27.0,116.0
2022-08-24,71.0,50.0,15.0,82.0,20.0,119.0
2022-08-25,64.0,50.0,12.0,66.0,19.0,98.0
2022-08-26,76.0,53.0,19.0,53.0,31.0,119.0
2022-08-27,80.0,50.0,25.0,57.0,37.0,130.0
2022-08-28,64.0,49.0,17.0,56.0,30.0,85.0
2022-08-29,58.0,49.0,16.0,55.0,29.0,82.0
2022-08-30,59.0,50.0,15.0,56.0,29.0,84.0
2022-08-31,85.0,51.0,25.0,74.0,37.0,148.0
2022-09-01,83.0,51.0,15.0,42.0,25.0,130.0
2022-09-02,71.0,51.0,21.0,35.0,32.0,108.0
2022-09-03,64.0,50.0,18.0,37.0,31.0,102.0
2022-09-04,42.0,50.0,9.0,33.0,14.0,76.0
2022-09-05,59.0,51.0,15.0,45.0,23.0,105.0
2022-09-06,63.0,51.0,12.0,43.0,17.0,86.0
2022-09-07,55.0,49.0,15.0,38.0,21.0,79.0
2022-09-08,61.0,48.0,26.0,32.0,45.0,87.0
2022-09-09,71.0,49.0,28.0,32.0,43.0,91.0
2022-09-10,56.0,48.0,22.0,41.0,39.0,72.0
2022-09-11,64.0,51.0,20.0,37.0,34.0,88.0
2022-09-12,53.0,52.0,18.0,35.0,27.0,79.0
2022-09-13,59.0,52.0,18.0,45.0,32.0,81.0
2022-09-14,67.0,53.0,18.0,42.0,38.0,113.0
2022-09-15,78.0,51.0,26.0,34.0,39.0,117.0
2022-09-16,62.0,51.0,18.0,52.0,33.0,100.0
2022-09-17,70.0,51.0,19.0,49.0,35.0,103.0
2022-09-18,72.0,51.0,21.0,43.0,33.0,113.0
2022-09-19,70.0,51.0,17.0,46.0,28.0,113.0
2022-09-20,66.0,51.0,21.0,37.0,41.0,110.0
2022-09-21,69.0,50.0,17.0,42.0,32.0,112.0
2022-09-22,63.0,50.0,16.0,37.0,24.0,90.0
2022-09-23,73.0,50.0,24.0,50.0,45.0,97.0
2022-09-24,57.0,50.0,17.0,39.0,33.0,83.0
2022-09-25,58.0,50.0,14.0,48.0,25.0,94.0
2022-09-26,57.0,51.0,14.0,56.0,26.0,79.0
2022-09-27,63.0,51.0,14.0,58.0,26.0,86.0
2022-09-28,62.0,51.0,13.0,55.0,24.0,92.0
2022-09-29,62.0,51.0,14.0,50.0,21.0,100.0
2022-09-30,71.0,51.0,14.0,45.0,23.0,103.0
2022-10-01,80.0,52.0,14.0,39.0,21.0,128.0
2022-10-02,54.0,50.0,12.0,43.0,19.0,79.0
2022-10-03,56.0,51.0,18.0,38.0,35.0,76.0
2022-10-04,67.0,51.0,15.0,40.0,33.0,98.0
2022-10-05,51.0,50.0,22.0,36.0,42.0,68.0
2022-10-06,61.0,51.0,20.0,39.0,32.0,89.0
2022-10-07,51.0,53.0,17.0,35.0,34.0,66.0
2022-10-08,35.0,50.0,17.0,28.0,25.0,61.0
2022-10-09,58.0,50.0,24.0,39.0,35.0,95.0
2022-10-10,54.0,50.0,14.0,38.0,25.0,74.0
2022-10-11,77.0,51.0,23.0,59.0,45.0,126.0
2022-10-12,70.0,54.0,27.0,44.0,42.0,97.0
2022-10-13,63.0,52.0,17.0,54.0,36.0,91.0
2022-10-14,67.0,50.0,28.0,47.0,45.0,94.0
2022-10-15,55.0,51.0,13.0,58.0,27.0,78.0
2022-10-16,62.0,51.0,19.0,52.0,36.0,93.0
2022-10-17,56.0,51.0,13.0,54.0,25.0,85.0
2022-10-18,59.0,50.0,16.0,45.0,35.0,79.0
2022-10-19,64.0,51.0,22.0,42.0,44.0,92.0
2022-10-20,67.0,51.0,28.0,47.0,45.0,88.0
2022-10-21,52.0,50.0,16.0,31.0,27.0,67.0
2022-10-22,58.0,51.0,19.0,39.0,41.0,82.0
2022-10-23,52.0,51.0,11.0,45.0,21.0,66.0
2022-10-24,41.0,50.0,10.0,31.0,18.0,57.0
2022-10-25,27.0,51.0,9.0,30.0,19.0,53.0
2022-10-26,39.0,51.0,11.0,27.0,17.0,51.0
2022-10-27,41.0,51.0,18.0,35.0,27.0,66.0
2022-10-28,54.0,51.0,16.0,33.0,32.0,77.0
2022-10-29,53.0,51.0,15.0,41.0,29.0,86.0
2022-10-30,51.0,51.0,11.0,49.0,19.0,87.0
2022-10-31,60.0,51.0,21.0,44.0,22.0,78.0
2022-11-01,49.0,51.0,10.0,44.0,21.0,70.0
2022-11-02,84.0,51.0,14.0,54.0,34.0,144.0
2022-11-03,65.0,51.0,13.0,49.0,23.0,89.0
2022-11-04,66.0,52.0,23.0,49.0,42.0,95.0
2022-11-05,62.0,51.0,22.0,55.0,42.0,81.0
2022-11-06,63.0,51.0,18.0,38.0,34.0,90.0
2022-11-07,74.0,51.0,13.0,48.0,22.0,104.0
2022-11-08,66.0,53.0,30.0,36.0,50.0,101.0
2022-11-09,64.0,51.0,25.0,41.0,47.0,96.0
2022-11-10,53.0,51.0,18.0,29.0,30.0,76.0
2022-11-11,46.0,51.0,19.0,31.0,25.0,71.0
2022-11-12,40.0,51.0,11.0,36.0,18.0,61.0
2022-11-13,38.0,51.0,17.0,38.0,27.0,63.0
2022-11-14,60.0,51.0,17.0,44.0,28.0,85.0
2022-11-15,59.0,51.0,16.0,39.0,33.0,95.0
2022-11-16,54.0,52.0,10.0,31.0,22.0,80.0
2022-11-17,58.0,52.0,12.0,35.0,25.0,72.0
2022-11-18,42.0,53.0,16.0,29.0,27.0,53.0
2022-11-19,47.0,56.0,12.0,27.0,24.0,77.0
2022-11-20,34.0,51.0,7.0,30.0,12.0,51.0
2022-11-21,40.0,51.0,11.0,29.0,19.0,62.0
2022-11-22,46.0,51.0,10.0,26.0,15.0,72.0
2022-11-23,50.0,52.0,11.0,29.0,23.0,71.0
2022-11-24,51.0,52.0,10.0,34.0,24.0,66.0
2022-11-25,52.0,52.0,15.0,38.0,26.0,77.0
2022-11-26,80.0,51.0,20.0,42.0,45.0,131.0
2022-11-27,74.0,52.0,24.0,37.0,36.0,112.0
2022-11-28,59.0,51.0,14.0,50.0,31.0,83.0
2022-11-29,53.0,51.0,22.0,48.0,32.0,73.0
2022-11-30,65.0,52.0,13.0,40.0,31.0,97.0
2022-12-01,64.0,52.0,17.0,50.0,31.0,93.0
2022-12-02,60.0,52.0,18.0,42.0,30.0,94.0
2022-12-03,60.0,52.0,16.0,49.0,31.0,100.0
2022-12-04,65.0,52.0,19.0,45.0,34.0,95.0
2022-12-05,74.0,52.0,19.0,48.0,33.0,117.0
2022-12-06,70.0,49.0,24.0,41.0,44.0,107.0
2022-12-07,53.0,52.0,21.0,37.0,40.0,88.0
2022-12-08,51.0,52.0,16.0,47.0,35.0,85.0
2022-12-09,59.0,51.0,21.0,31.0,41.0,94.0
2022-12-10,42.0,52.0,27.0,29.0,35.0,72.0
2022-12-11,44.0,52.0,20.0,31.0,32.0,72.0
2022-12-12,37.0,51.0,10.0,32.0,22.0,62.0
2022-12-13,47.0,51.0,13.0,28.0,23.0,71.0
2022-12-14,46.0,51.0,10.0,30.0,17.0,71.0
2022-12-15,28.0,52.0,10.0,29.0,23.0,60.0
2022-12-16,56.0,52.0,12.0,28.0,30.0,83.0
2022-12-17,65.0,52.0,30.0,38.0,45.0,98.0
2022-12-18,64.0,52.0,26.0,46.0,45.0,96.0
2022-12-19,64.0,57.0,28.0,39.0,48.0,99.0
2022-12-20,85.0,54.0,23.0,29.0,47.0,154.0
2022-12-21,57.0,62.0,45.0,27.0,32.0,86.0
2022-12-22,49.0,59.0,49.0,23.0,24.0,65.0
2022-12-23,31.0,57.0,38.0,24.0,18.0,57.0
2022-12-24,58.0,57.0,55.0,26.0,24.0,92.0
2022-12-25,42.0,57.0,45.0,25.0,18.0,57.0
2022-12-26,43.0,58.0,54.0,25.0,27.0,62.0
2022-12-27,36.0,58.0,42.0,20.0,18.0,58.0
2022-12-28,46.0,57.0,41.0,15.0,19.0,66.0
2022-12-29,23.0,57.0,12.0,16.0,15.0,57.0
2022-12-30,40.0,57.0,21.0,17.0,24.0,64.0
2022-12-31,54.0,56.0,24.0,23.0,24.0,73.0
2023-01-01,44.0,56.0,16.0,20.0,19.0,61.0
2023-01-02,34.0,59.0,15.0,21.0,19.0,59.0
2023-01-03,28.0,57.0,13.0,21.0,16.0,57.0
2023-01-04,31.0,60.0,17.0,21.0,26.0,60.0
2023-01-05,40.0,53.0,10.0,18.0,7.0,59.0
2023-01-06,50.0,51.0,10.0,11.0,7.0,73.0
2023-01-07,49.0,51.0,6.0,10.0,4.0,66.0
2023-01-08,45.0,51.0,6.0,10.0,3.0,62.0
2023-01-09,46.0,51.0,9.0,10.0,6.0,71.0
2023-01-10,50.0,50.0,8.0,10.0,6.0,70.0
2023-01-11,36.0,54.0,14.0,23.0,12.0,81.0
2023-01-14,54.0,54.0,17.0,19.0,19.0,91.0
2023-01-15,47.0,54.0,12.0,15.0,11.0,73.0
2023-01-16,39.0,54.0,7.0,10.0,2.0,57.0
2023-01-18,57.0,57.0,9.0,8.0,3.0,87.0
2023-01-19,40.0,54.0,16.0,7.0,10.0,79.0
2023-01-20,57.0,55.0,9.0,9.0,3.0,79.0
2023-01-21,43.0,54.0,14.0,10.0,10.0,75.0
2023-01-23,27.0,62.0,8.0,17.0,9.0,62.0
2023-01-24,33.0,60.0,11.0,17.0,14.0,60.0
2023-01-25,37.0,60.0,10.0,13.0,14.0,60.0
2023-01-26,40.0,56.0,9.0,12.0,2.0,64.0
2023-01-27,59.0,56.0,8.0,10.0,2.0,75.0
2023-01-28,44.0,54.0,14.0,7.0,17.0,68.0
2023-01-29,53.0,54.0,20.0,8.0,11.0,82.0
2023-01-30,51.0,53.0,14.0,14.0,13.0,65.0
2023-01-31,56.0,54.0,16.0,15.0,20.0,90.0
2023-02-01,55.0,55.0,8.0,12.0,2.0,69.0
2023-02-02,52.0,53.0,12.0,9.0,3.0,72.0
2023-02-03,24.0,63.0,6.0,11.0,3.0,63.0
2023-02-04,3.0,89.0,11.0,9.0,11.0,89.0
2023-02-05,10.0,79.0,10.0,12.0,8.0,79.0
2023-02-06,41.0,54.0,11.0,12.0,4.0,56.0
2023-02-07,38.0,54.0,12.0,12.0,10.0,65.0
2023-02-08,44.0,53.0,15.0,7.0,15.0,61.0
2023-02-09,44.0,53.0,13.0,7.0,10.0,61.0
2023-02-10,24.0,53.0,7.0,11.0,1.0,53.0
2023-02-11,38.0,53.0,12.0,8.0,9.0,53.0
2023-02-12,33.0,53.0,12.0,8.0,10.0,53.0
2023-02-13,24.0,53.0,8.0,8.0,3.0,53.0
2023-02-14,31.0,53.0,11.0,7.0,6.0,53.0
2023-02-15,20.0,53.0,6.0,9.0,1.0,53.0
2023-02-16,30.0,54.0,7.0,6.0,1.0,54.0
2023-02-17,30.0,53.0,7.0,9.0,1.0,53.0
2023-02-18,51.0,27.0,11.0,14.0,14.0,75.0
2023-02-19,60.0,27.0,13.0,13.0,14.0,82.0
2023-02-22,29.0,13.0,6.0,9.0,1.0,44.0
2023-02-23,50.0,27.0,11.0,8.0,14.0,59.0
2023-02-24,51.0,26.0,9.0,10.0,17.0,51.0
2023-02-25,46.0,14.0,7.0,18.0,5.0,61.0
2023-02-26,40.0,27.0,8.0,15.0,12.0,52.0
2023-02-27,46.0,27.0,7.0,16.0,15.0,50.0
2023-02-28,46.0,14.0,7.0,17.0,4.0,63.0
2023-03-01,38.0,50.0,8.0,19.0,27.0,50.0
2023-03-02,29.0,47.0,11.0,21.0,27.0,47.0
2023-03-03,34.0,14.0,7.0,11.0,2.0,52.0
2023-03-04,40.0,14.0,7.0,14.0,3.0,60.0
2023-03-05,46.0,28.0,9.0,8.0,11.0,50.0
2023-03-08,60.0,15.0,7.0,11.0,4.0,87.0
2023-03-09,50.0,30.0,13.0,14.0,20.0,87.0
2023-03-10,51.0,34.0,11.0,20.0,14.0,79.0
2023-03-11,49.0,29.0,11.0,20.0,23.0,73.0
2023-03-12,64.0,30.0,16.0,14.0,22.0,109.0
2023-03-13,64.0,31.0,11.0,23.0,16.0,107.0
2023-03-14,58.0,40.0,15.0,17.0,11.0,81.0
2023-03-15,50.0,30.0,9.0,15.0,19.0,63.0
2023-03-19,61.0,32.0,12.0,20.0,16.0,84.0
2023-03-20,52.0,32.0,12.0,26.0,19.0,91.0
2023-03-21,59.0,31.0,11.0,21.0,17.0,94.0
2023-03-22,60.0,31.0,7.0,22.0,16.0,87.0
2023-03-23,63.0,33.0,13.0,15.0,11.0,87.0
2023-03-24,57.0,35.0,11.0,25.0,13.0,87.0
2023-03-31,45.0,49.0,13.0,22.0,29.0,57.0
2023-04-01,34.0,51.0,11.0,20.0,19.0,51.0
2023-04-02,35.0,34.0,5.0,10.0,6.0,56.0
2023-04-04,51.0,35.0,6.0,11.0,8.0,69.0
2023-04-10,50.0,35.0,6.0,8.0,5.0,57.0
2023-04-11,27.0,47.0,12.0,14.0,17.0,51.0
2023-04-13,40.0,50.0,4.0,9.0,7.0,60.0
2023-04-14,50.0,34.0,3.0,17.0,13.0,70.0
2023-04-15,65.0,52.0,12.0,27.0,53.0,94.0
2023-04-16,57.0,33.0,6.0,17.0,11.0,82.0
2023-04-17,51.0,32.0,4.0,19.0,13.0,72.0
2023-04-18,62.0,38.0,5.0,20.0,14.0,86.0
2023-05-01,56.0,50.0,12.0,21.0,10.0,80.0
2023-06-17,57.0,46.0,13.0,23.0,28.0,85.0
2023-07-02,55.0,37.0,11.0,26.0,27.0,83.0
2023-09-07,88.0,27.0,26.0,39.0,22.0,121.0
2023-09-08,89.0,29.0,22.0,28.0,17.0,117.0
2023-09-09,80.0,28.0,21.0,29.0,16.0,111.0
2023-09-10,69.0,27.0,18.0,27.0,15.0,99.0
2023-09-12,81.0,27.0,19.0,19.0,19.0,152.0
2023-09-13,71.0,28.0,17.0,23.0,15.0,107.0
2023-09-14,62.0,27.0,16.0,24.0,13.0,93.0
2023-09-15,70.0,27.0,21.0,29.0,18.0,108.0
2023-09-16,76.0,28.0,20.0,26.0,18.0,113.0
2023-09-17,77.0,27.0,19.0,25.0,15.0,110.0
2023-09-18,59.0,28.0,16.0,28.0,12.0,86.0
2023-09-19,77.0,28.0,24.0,40.0,21.0,109.0
2023-09-20,71.0,28.0,21.0,26.0,17.0,98.0
2023-09-21,69.0,28.0,24.0,29.0,19.0,101.0
2023-09-22,68.0,28.0,20.0,26.0,23.0,93.0
2023-09-23,78.0,28.0,22.0,30.0,20.0,111.0
2023-09-24,65.0,28.0,23.0,26.0,16.0,92.0
2023-09-26,85.0,28.0,18.0,26.0,20.0,249.0
2023-09-28,163.0,29.0,17.0,29.0,19.0,287.0
2023-09-29,129.0,29.0,21.0,24.0,23.0,143.0
2023-10-01,126.0,29.0,26.0,27.0,25.0,199.0
2023-10-02,76.0,43.0,8.0,35.0,31.0,122.0
2023-10-03,64.0,29.0,15.0,28.0,19.0,93.0
2023-10-04,76.0,29.0,20.0,26.0,25.0,115.0
2023-10-05,84.0,28.0,20.0,21.0,12.0,123.0
2023-10-06,80.0,28.0,20.0,24.0,15.0,111.0
2023-10-07,97.0,29.0,33.0,23.0,28.0,141.0
2023-10-08,97.0,29.0,21.0,21.0,16.0,148.0
2023-10-09,80.0,28.0,17.0,20.0,11.0,122.0
2023-10-10,88.0,30.0,16.0,18.0,10.0,121.0
2023-10-11,75.0,31.0,18.0,19.0,14.0,106.0
2023-10-12,82.0,30.0,22.0,23.0,15.0,123.0
2023-10-13,82.0,29.0,19.0,29.0,12.0,121.0
2023-10-14,78.0,29.0,20.0,24.0,17.0,110.0
2023-10-15,79.0,29.0,20.0,20.0,14.0,117.0
2023-10-16,82.0,30.0,20.0,22.0,16.0,122.0
2023-10-17,81.0,29.0,18.0,24.0,14.0,129.0
2023-10-18,88.0,29.0,25.0,24.0,21.0,122.0
2023-10-19,82.0,30.0,19.0,23.0,14.0,116.0
2023-10-20,75.0,29.0,16.0,23.0,10.0,106.0
2023-10-21,77.0,30.0,24.0,19.0,21.0,109.0
2023-10-22,77.0,29.0,26.0,23.0,20.0,114.0
2023-10-23,86.0,29.0,20.0,22.0,16.0,133.0
2023-10-24,75.0,29.0,20.0,27.0,17.0,107.0
2023-10-25,61.0,28.0,20.0,34.0,17.0,103.0
2023-10-26,82.0,30.0,29.0,26.0,22.0,114.0
2023-10-27,83.0,30.0,27.0,27.0,23.0,116.0
2023-10-28,81.0,29.0,26.0,22.0,22.0,122.0
2023-10-29,94.0,30.0,20.0,25.0,16.0,150.0
2023-10-30,92.0,32.0,22.0,28.0,20.0,108.0
2023-10-31,81.0,29.0,22.0,33.0,20.0,108.0
2023-11-01,80.0,34.0,24.0,24.0,27.0,104.0
2023-11-02,80.0,29.0,31.0,27.0,26.0,109.0
2023-11-03,82.0,29.0,34.0,24.0,28.0,108.0
2023-11-04,89.0,30.0,32.0,19.0,27.0,124.0
2023-11-05,59.0,28.0,22.0,15.0,16.0,74.0
2023-11-07,71.0,29.0,26.0,18.0,19.0,107.0
2023-11-08,66.0,29.0,21.0,18.0,18.0,92.0
2023-11-09,73.0,30.0,20.0,24.0,19.0,109.0
2023-11-10,78.0,30.0,27.0,27.0,24.0,109.0
2023-11-11,58.0,32.0,18.0,57.0,17.0,91.0
2023-11-12,65.0,30.0,21.0,23.0,15.0,93.0
2023-11-13,72.0,24.0,12.0,29.0,33.0,94.0
2023-11-14,75.0,30.0,22.0,19.0,16.0,109.0
2023-11-15,55.0,29.0,20.0,15.0,15.0,79.0
2023-11-16,63.0,30.0,25.0,21.0,26.0,95.0
2023-11-17,65.0,30.0,27.0,25.0,28.0,87.0
2023-11-18,53.0,41.0,14.0,34.0,31.0,120.0
2023-11-19,54.0,43.0,16.0,32.0,24.0,80.0
2023-11-20,46.0,30.0,13.0,81.0,12.0,81.0
2023-11-21,59.0,30.0,18.0,19.0,18.0,89.0
2023-11-22,58.0,30.0,19.0,24.0,19.0,74.0
2023-11-23,56.0,44.0,11.0,38.0,30.0,93.0
2023-11-24,71.0,36.0,23.0,54.0,26.0,112.0
2023-11-25,63.0,33.0,20.0,49.0,22.0,101.0
2023-11-26,55.0,43.0,15.0,15.0,25.0,75.0
2023-11-27,54.0,56.0,13.0,27.0,16.0,77.0
2023-11-28,62.0,45.0,15.0,29.0,34.0,96.0
2023-11-29,71.0,30.0,19.0,22.0,14.0,105.0
2023-11-30,38.0,43.0,12.0,34.0,34.0,67.0
2023-12-01,64.0,52.0,7.0,27.0,19.0,93.0
2023-12-02,60.0,52.0,9.0,20.0,18.0,94.0
2023-12-03,55.0,52.0,7.0,26.0,17.0,100.0
2023-12-04,65.0,52.0,9.0,18.0,14.0,95.0
2023-12-05,74.0,52.0,9.0,21.0,13.0,117.0
2023-12-07,53.0,52.0,11.0,13.0,18.0,88.0
2023-12-08,50.0,52.0,6.0,25.0,18.0,85.0
2023-12-09,59.0,48.0,10.0,25.0,12.0,94.0
2023-12-10,42.0,52.0,8.0,10.0,11.0,72.0
2023-12-11,44.0,52.0,6.0,10.0,16.0,72.0
2023-12-12,37.0,51.0,3.0,16.0,10.0,62.0
2023-12-13,45.0,48.0,9.0,13.0,7.0,71.0
2023-12-14,46.0,48.0,8.0,11.0,7.0,71.0
2023-12-15,27.0,52.0,1.0,13.0,8.0,60.0
2023-12-16,56.0,52.0,5.0,14.0,13.0,83.0
2023-12-17,65.0,52.0,14.0,13.0,15.0,98.0
2023-12-18,61.0,52.0,7.0,17.0,19.0,96.0
2023-12-19,64.0,52.0,10.0,20.0,15.0,99.0
2023-12-20,85.0,52.0,10.0,11.0,13.0,154.0
2023-12-21,57.0,53.0,7.0,27.0,11.0,86.0
2023-12-22,49.0,52.0,5.0,10.0,12.0,65.0
2023-12-23,26.0,57.0,38.0,21.0,18.0,57.0
2023-12-24,58.0,51.0,10.0,17.0,11.0,92.0
2023-12-25,36.0,57.0,45.0,20.0,18.0,57.0
2023-12-26,43.0,58.0,54.0,21.0,27.0,62.0
2023-12-27,29.0,58.0,42.0,15.0,18.0,58.0
2023-12-28,46.0,49.0,8.0,8.0,5.0,66.0
2023-12-29,23.0,57.0,12.0,16.0,15.0,57.0
2023-12-30,32.0,52.0,7.0,8.0,12.0,64.0
2024-01-01,74.0,10.0,20.0,24.0,10.0,110.0
2024-01-02,53.0,52.0,4.0,12.0,28.0,93.0
2024-01-03,54.0,13.0,7.0,18.0,14.0,66.0
2024-01-04,30.0,112.0,20.0,8.0,77.0,112.0
2024-01-05,61.0,10.0,14.0,17.0,19.0,62.0
2024-01-06,51.0,11.0,10.0,31.0,16.0,70.0
2024-01-07,59.0,59.0,14.0,34.0,29.0,87.0
2024-01-08,55.0,10.0,22.0,21.0,20.0,76.0
2024-01-09,61.0,12.0,14.0,17.0,14.0,84.0
2024-01-10,70.0,12.0,11.0,26.0,13.0,102.0
2024-01-11,63.0,11.0,16.0,17.0,19.0,81.0
2024-01-12,27.0,57.0,11.0,14.0,52.0,57.0
2024-01-13,50.0,44.0,7.0,11.0,55.0,66.0
2024-01-14,50.0,11.0,9.0,16.0,10.0,64.0
2024-01-15,51.0,24.0,11.0,55.0,11.0,81.0
2024-01-16,49.0,11.0,6.0,11.0,9.0,62.0
2024-01-18,56.0,49.0,13.0,6.0,23.0,76.0
2024-01-19,32.0,45.0,6.0,9.0,76.0,76.0
2024-01-20,32.0,44.0,7.0,8.0,66.0,66.0
2024-01-21,51.0,45.0,9.0,8.0,79.0,79.0
2024-01-22,27.0,45.0,5.0,8.0,56.0,56.0
2024-01-23,36.0,24.0,5.0,9.0,6.0,58.0
2024-01-24,46.0,46.0,8.0,9.0,38.0,65.0
2024-01-25,46.0,25.0,7.0,12.0,8.0,62.0
2024-01-26,58.0,27.0,7.0,16.0,14.0,77.0
2024-01-27,24.0,53.0,5.0,16.0,17.0,53.0
2024-01-28,46.0,31.0,18.0,34.0,16.0,66.0
2024-01-29,51.0,24.0,14.0,11.0,13.0,63.0
2024-01-30,71.0,24.0,23.0,13.0,12.0,82.0
2024-01-31,40.0,25.0,7.0,17.0,15.0,57.0
2024-02-01,68.0,25.0,15.0,18.0,14.0,90.0
2024-02-02,47.0,26.0,18.0,28.0,9.0,68.0
2024-02-04,27.0,54.0,7.0,12.0,21.0,54.0
2024-02-05,54.0,25.0,10.0,6.0,5.0,77.0
2024-02-06,61.0,50.0,16.0,9.0,37.0,74.0
2024-02-07,40.0,25.0,6.0,4.0,6.0,58.0
2024-02-08,64.0,25.0,10.0,4.0,4.0,90.0
2024-02-11,63.0,25.0,9.0,6.0,6.0,85.0
2024-02-12,61.0,25.0,4.0,5.0,6.0,80.0
2024-02-13,57.0,52.0,14.0,18.0,187.0,187.0
2024-02-14,43.0,51.0,10.0,20.0,202.0,202.0
2024-02-15,53.0,25.0,24.0,7.0,8.0,76.0
2024-02-16,81.0,25.0,24.0,6.0,11.0,103.0
2024-02-17,59.0,25.0,22.0,6.0,8.0,74.0
2024-02-18,57.0,25.0,21.0,7.0,6.0,71.0
2024-02-19,68.0,26.0,23.0,6.0,9.0,91.0
2024-02-20,71.0,25.0,22.0,7.0,9.0,94.0
2024-02-21,55.0,20.0,12.0,115.0,18.0,115.0
2024-02-22,70.0,25.0,21.0,8.0,9.0,86.0
2024-02-23,49.0,56.0,9.0,16.0,39.0,62.0
2024-02-24,54.0,25.0,18.0,6.0,2.0,67.0
2024-02-25,28.0,56.0,4.0,16.0,15.0,56.0
2024-02-26,41.0,49.0,10.0,12.0,29.0,56.0
2024-02-27,70.0,26.0,28.0,5.0,7.0,96.0
2024-02-28,51.0,57.0,9.0,11.0,54.0,62.0
2024-02-29,57.0,25.0,22.0,6.0,6.0,59.0
2024-03-01,52.0,21.0,29.0,50.0,13.0,82.0
2024-03-02,59.0,26.0,21.0,8.0,7.0,72.0
2024-03-03,46.0,26.0,21.0,6.0,7.0,58.0
2024-03-04,43.0,50.0,14.0,13.0,61.0,61.0
2024-03-05,44.0,50.0,9.0,13.0,62.0,62.0
2024-03-06,48.0,50.0,8.0,9.0,58.0,61.0
2024-03-07,31.0,55.0,6.0,19.0,25.0,55.0
2024-03-08,24.0,54.0,4.0,20.0,12.0,54.0
2024-03-09,33.0,55.0,6.0,13.0,24.0,55.0
2024-03-10,72.0,26.0,39.0,5.0,8.0,96.0
2024-03-12,30.0,21.0,15.0,51.0,10.0,56.0
2024-03-13,54.0,51.0,9.0,16.0,44.0,68.0
2024-03-15,23.0,51.0,8.0,10.0,62.0,62.0
2024-03-16,26.0,54.0,6.0,18.0,18.0,54.0
2024-03-17,18.0,51.0,5.0,10.0,58.0,58.0
2024-03-18,26.0,55.0,5.0,16.0,17.0,55.0
2024-03-19,43.0,51.0,9.0,10.0,75.0,75.0
2024-03-20,41.0,51.0,7.0,10.0,49.0,62.0
2024-03-21,50.0,51.0,8.0,13.0,62.0,68.0
2024-03-22,31.0,21.0,17.0,55.0,14.0,55.0
2024-03-23,70.0,27.0,40.0,8.0,11.0,122.0
2024-03-24,54.0,25.0,19.0,74.0,16.0,83.0
2024-03-25,50.0,27.0,17.0,12.0,4.0,69.0
2024-03-27,64.0,27.0,25.0,8.0,9.0,92.0
2024-03-28,90.0,27.0,27.0,12.0,10.0,128.0
2024-03-29,65.0,27.0,24.0,70.0,26.0,104.0
2024-03-30,60.0,24.0,25.0,68.0,21.0,87.0
2024-03-31,57.0,22.0,28.0,79.0,22.0,94.0
2024-04-01,83.0,27.0,27.0,13.0,8.0,113.0
2024-04-02,72.0,23.0,35.0,69.0,32.0,120.0
2024-04-03,70.0,27.0,20.0,15.0,8.0,97.0
2024-04-04,51.0,24.0,28.0,62.0,24.0,77.0
2024-04-05,74.0,22.0,31.0,69.0,27.0,125.0
2024-04-06,62.0,52.0,19.0,16.0,65.0,92.0
2024-04-07,60.0,28.0,19.0,19.0,7.0,83.0
2024-04-08,55.0,56.0,14.0,29.0,21.0,82.0
2024-04-09,54.0,52.0,11.0,22.0,43.0,84.0
2024-04-10,73.0,28.0,33.0,14.0,10.0,96.0
2024-04-11,45.0,28.0,17.0,15.0,8.0,62.0
2024-04-12,25.0,22.0,14.0,74.0,8.0,74.0
2024-04-13,35.0,24.0,23.0,62.0,16.0,62.0
2024-04-14,28.0,22.0,15.0,79.0,8.0,79.0
2024-04-15,30.0,23.0,20.0,62.0,14.0,62.0
2024-04-16,43.0,28.0,16.0,11.0,6.0,64.0
2024-04-17,41.0,23.0,18.0,77.0,14.0,77.0
2024-04-18,52.0,55.0,13.0,23.0,27.0,70.0
2024-04-19,51.0,55.0,8.0,20.0,21.0,64.0
2024-04-20,69.0,29.0,22.0,9.0,7.0,95.0
2024-04-21,58.0,28.0,18.0,10.0,6.0,76.0
2024-04-22,56.0,24.0,26.0,56.0,22.0,85.0
2024-04-23,63.0,29.0,23.0,11.0,6.0,84.0
2024-04-24,52.0,25.0,21.0,70.0,20.0,78.0
2024-04-25,49.0,23.0,22.0,83.0,22.0,83.0
2024-04-26,56.0,29.0,12.0,13.0,6.0,71.0
2024-04-27,62.0,29.0,18.0,10.0,3.0,80.0
2024-04-28,60.0,29.0,24.0,14.0,3.0,80.0
2024-04-29,60.0,29.0,13.0,18.0,5.0,81.0
2024-04-30,70.0,29.0,16.0,18.0,6.0,91.0
2024-05-01,51.0,55.0,6.0,24.0,13.0,66.0
2024-05-02,53.0,23.0,17.0,62.0,13.0,81.0
2024-05-03,58.0,24.0,18.0,75.0,17.0,95.0
2024-05-04,62.0,26.0,22.0,57.0,27.0,97.0
2024-05-05,79.0,30.0,32.0,15.0,13.0,107.0
2024-05-06,71.0,30.0,19.0,17.0,10.0,97.0
2024-05-07,68.0,28.0,21.0,54.0,26.0,111.0
2024-05-08,65.0,28.0,20.0,58.0,23.0,107.0
2024-05-09,85.0,30.0,18.0,13.0,13.0,111.0
2024-05-10,68.0,55.0,8.0,23.0,13.0,103.0
2024-05-11,64.0,54.0,7.0,24.0,16.0,92.0
2024-05-12,65.0,54.0,8.0,21.0,16.0,89.0
2024-05-13,62.0,30.0,15.0,14.0,6.0,82.0
2024-05-14,60.0,25.0,23.0,61.0,22.0,101.0
2024-05-15,75.0,30.0,12.0,12.0,8.0,98.0
2024-05-16,77.0,56.0,8.0,20.0,12.0,115.0
2024-05-17,72.0,56.0,12.0,20.0,20.0,102.0
2024-05-18,75.0,56.0,17.0,21.0,29.0,110.0
2024-05-19,67.0,56.0,14.0,22.0,19.0,95.0
2024-05-20,83.0,31.0,18.0,20.0,10.0,110.0
2024-05-21,83.0,31.0,17.0,20.0,15.0,107.0
2024-05-22,68.0,28.0,21.0,66.0,21.0,108.0
2024-05-23,78.0,31.0,15.0,16.0,8.0,95.0
2024-05-24,82.0,30.0,18.0,10.0,6.0,95.0
2024-05-25,29.0,25.0,18.0,57.0,17.0,57.0
2024-05-26,62.0,31.0,26.0,57.0,22.0,94.0
2024-05-27,81.0,31.0,13.0,22.0,9.0,104.0
2024-05-28,66.0,27.0,26.0,64.0,26.0,110.0
2024-05-29,77.0,31.0,11.0,18.0,7.0,94.0
2024-05-30,77.0,31.0,11.0,19.0,10.0,100.0
2024-05-31,62.0,28.0,21.0,69.0,22.0,111.0
2024-06-01,70.0,28.0,25.0,67.0,26.0,124.0
2024-06-02,66.0,27.0,24.0,70.0,21.0,112.0
2024-06-03,43.0,24.0,18.0,76.0,16.0,76.0
2024-06-04,87.0,31.0,13.0,12.0,8.0,106.0
2024-06-05,74.0,25.0,31.0,71.0,31.0,128.0
2024-06-06,62.0,56.0,12.0,21.0,18.0,87.0
2024-06-07,60.0,27.0,21.0,68.0,22.0,103.0
2024-06-08,63.0,30.0,24.0,58.0,22.0,109.0
2024-06-09,60.0,28.0,20.0,72.0,19.0,99.0
2024-06-10,60.0,28.0,27.0,61.0,25.0,104.0
2024-06-11,58.0,60.0,11.0,19.0,21.0,99.0
2024-06-12,56.0,26.0,27.0,66.0,27.0,92.0
2024-06-13,61.0,31.0,12.0,4.0,6.0,72.0
2024-06-14,53.0,57.0,15.0,10.0,91.0,91.0
2024-06-15,55.0,56.0,10.0,23.0,25.0,77.0
2024-06-16,44.0,28.0,23.0,63.0,23.0,74.0
2024-06-17,53.0,57.0,10.0,15.0,34.0,81.0
2024-06-18,92.0,56.0,26.0,11.0,78.0,141.0
2024-06-19,67.0,30.0,29.0,48.0,22.0,112.0
2024-06-20,67.0,57.0,11.0,22.0,17.0,94.0
2024-06-21,64.0,34.0,23.0,38.0,24.0,110.0
2024-06-22,63.0,32.0,22.0,51.0,19.0,105.0
2024-06-23,83.0,59.0,13.0,20.0,23.0,104.0
2024-06-24,60.0,33.0,22.0,39.0,20.0,103.0
2024-06-25,62.0,57.0,12.0,13.0,43.0,98.0
2024-06-26,55.0,31.0,29.0,29.0,13.0,84.0
2024-06-27,74.0,57.0,10.0,16.0,23.0,96.0
2024-06-28,59.0,57.0,10.0,14.0,21.0,75.0
2024-06-29,55.0,30.0,30.0,46.0,14.0,87.0
2024-06-30,55.0,58.0,17.0,14.0,42.0,68.0
2024-07-01,73.0,40.0,30.0,18.0,14.0,98.0
2024-07-02,55.0,9.0,26.0,25.0,38.0,74.0
2024-07-06,28.0,57.0,8.0,6.0,61.0,61.0
2024-07-07,22.0,57.0,11.0,8.0,85.0,85.0
2024-07-08,36.0,58.0,11.0,11.0,66.0,66.0
2024-07-09,43.0,8.0,31.0,28.0,49.0,66.0
2024-07-10,62.0,57.0,10.0,22.0,25.0,79.0
2024-07-11,66.0,33.0,27.0,25.0,23.0,117.0
2024-07-12,70.0,57.0,12.0,29.0,31.0,98.0
2024-07-13,65.0,34.0,29.0,25.0,32.0,112.0
2024-07-14,59.0,33.0,25.0,27.0,23.0,104.0
2024-07-15,66.0,57.0,15.0,33.0,32.0,96.0
2024-07-16,53.0,34.0,24.0,37.0,24.0,99.0
2024-07-17,57.0,35.0,25.0,27.0,25.0,99.0
2024-07-18,71.0,58.0,11.0,30.0,17.0,95.0
2024-07-19,47.0,34.0,20.0,53.0,15.0,93.0
2024-07-20,51.0,35.0,19.0,54.0,17.0,91.0
2024-07-21,63.0,57.0,11.0,30.0,16.0,89.0
2024-07-22,39.0,32.0,18.0,61.0,13.0,82.0
2024-07-23,63.0,16.0,25.0,33.0,41.0,92.0
2024-07-24,80.0,59.0,12.0,30.0,37.0,115.0
2024-07-25,70.0,57.0,11.0,36.0,28.0,92.0
2024-07-26,64.0,58.0,11.0,28.0,25.0,93.0
2024-07-27,70.0,58.0,10.0,28.0,22.0,100.0
2024-07-28,72.0,58.0,10.0,33.0,17.0,104.0
2024-07-29,83.0,52.0,20.0,31.0,17.0,97.0
2024-07-30,75.0,58.0,11.0,27.0,27.0,106.0
2024-07-31,96.0,52.0,28.0,28.0,20.0,113.0
2024-08-01,57.0,32.0,20.0,55.0,15.0,107.0
2024-08-02,54.0,32.0,21.0,53.0,16.0,90.0
2024-08-03,56.0,58.0,9.0,21.0,31.0,70.0
2024-08-04,54.0,58.0,13.0,23.0,37.0,83.0
2024-08-05,51.0,33.0,19.0,47.0,15.0,84.0
2024-08-06,61.0,58.0,10.0,25.0,23.0,83.0
2024-08-07,53.0,33.0,20.0,44.0,18.0,101.0
2024-08-08,64.0,35.0,24.0,32.0,24.0,118.0
2024-08-09,52.0,35.0,20.0,39.0,15.0,97.0
2024-08-10,43.0,35.0,18.0,43.0,15.0,89.0
2024-08-11,43.0,32.0,17.0,51.0,10.0,85.0
2024-08-12,36.0,33.0,18.0,42.0,11.0,86.0
2024-08-13,59.0,36.0,23.0,32.0,23.0,110.0
2024-08-14,58.0,36.0,22.0,40.0,21.0,109.0
2024-08-15,48.0,35.0,21.0,50.0,18.0,100.0
2024-08-16,55.0,35.0,22.0,45.0,19.0,103.0
2024-08-17,51.0,37.0,22.0,51.0,21.0,107.0
2024-08-18,55.0,34.0,21.0,50.0,16.0,107.0
2024-08-19,46.0,33.0,19.0,57.0,15.0,94.0
2024-08-20,62.0,33.0,22.0,52.0,18.0,115.0
2024-08-21,64.0,35.0,21.0,54.0,18.0,118.0
2024-08-22,86.0,54.0,19.0,47.0,17.0,102.0
2024-08-23,87.0,52.0,20.0,31.0,13.0,103.0
2024-08-24,66.0,58.0,10.0,28.0,27.0,101.0
2024-08-25,65.0,58.0,9.0,30.0,17.0,93.0
2024-08-26,54.0,35.0,21.0,40.0,17.0,102.0
2024-08-27,65.0,36.0,22.0,58.0,18.0,116.0
2024-08-28,71.0,58.0,9.0,32.0,29.0,94.0
2024-08-29,187.0,54.0,23.0,48.0,33.0,187.0
2024-08-30,65.0,36.0,23.0,47.0,21.0,127.0
2024-08-31,133.0,53.0,19.0,38.0,21.0,135.0
2024-09-01,49.0,34.0,20.0,46.0,12.0,93.0
2024-09-02,37.0,34.0,17.0,67.0,12.0,85.0
2024-09-03,55.0,58.0,12.0,31.0,36.0,100.0
2024-09-04,56.0,58.0,9.0,34.0,17.0,89.0
2024-09-05,118.0,53.0,16.0,31.0,13.0,118.0
2024-09-06,56.0,14.0,26.0,20.0,40.0,86.0
2024-09-07,162.0,53.0,17.0,39.0,15.0,162.0
2024-09-08,54.0,13.0,22.0,21.0,26.0,84.0
2024-09-09,55.0,59.0,8.0,24.0,14.0,72.0
2024-09-10,61.0,60.0,15.0,15.0,44.0,79.0
2024-09-11,26.0,34.0,19.0,28.0,18.0,68.0
2024-09-12,23.0,39.0,20.0,54.0,15.0,103.0
2024-09-13,38.0,34.0,21.0,49.0,18.0,81.0
2024-09-14,34.0,34.0,19.0,49.0,16.0,88.0
2024-09-15,28.0,35.0,20.0,45.0,13.0,87.0
2024-09-16,26.0,36.0,20.0,44.0,14.0,93.0
2024-09-17,65.0,59.0,11.0,35.0,22.0,87.0
2024-09-18,59.0,59.0,11.0,32.0,25.0,84.0
2024-09-19,72.0,59.0,11.0,33.0,35.0,89.0
2024-09-20,59.0,15.0,24.0,34.0,45.0,88.0
2024-09-21,37.0,38.0,19.0,57.0,14.0,98.0
2024-09-22,30.0,39.0,20.0,62.0,14.0,109.0
2024-09-23,21.0,37.0,19.0,55.0,14.0,92.0
2024-09-24,37.0,37.0,21.0,42.0,18.0,85.0
2024-09-25,47.0,35.0,28.0,44.0,24.0,109.0
2024-09-26,35.0,35.0,26.0,42.0,21.0,79.0
2024-09-27,27.0,35.0,23.0,42.0,21.0,80.0
2024-09-28,30.0,36.0,22.0,47.0,20.0,99.0
2024-09-29,90.0,54.0,27.0,31.0,24.0,104.0
2024-09-30,18.0,38.0,20.0,35.0,14.0,79.0
2024-10-01,33.0,37.0,22.0,51.0,17.0,103.0
2024-10-02,25.0,37.0,20.0,54.0,16.0,90.0
2024-10-03,69.0,59.0,12.0,25.0,26.0,96.0
2024-10-04,30.0,38.0,22.0,46.0,16.0,94.0
2024-10-05,62.0,59.0,15.0,23.0,38.0,82.0
2024-10-06,19.0,36.0,21.0,49.0,15.0,76.0
2024-10-07,35.0,38.0,27.0,46.0,19.0,121.0
2024-10-08,63.0,60.0,12.0,25.0,23.0,84.0
2024-10-09,24.0,37.0,20.0,52.0,13.0,82.0
2024-10-10,32.0,38.0,20.0,52.0,14.0,92.0
2024-10-11,20.0,39.0,23.0,44.0,20.0,102.0
2024-10-12,21.0,39.0,20.0,48.0,16.0,92.0
2024-10-14,68.0,38.0,22.0,48.0,17.0,113.0
2024-10-15,34.0,39.0,19.0,61.0,12.0,84.0
2024-10-16,32.0,40.0,22.0,59.0,18.0,111.0
2024-10-17,60.0,59.0,14.0,32.0,33.0,77.0
2024-10-18,61.0,59.0,12.0,40.0,23.0,80.0
2024-10-19,78.0,59.0,13.0,34.0,26.0,102.0
2024-10-20,55.0,40.0,18.0,33.0,11.0,84.0
2024-10-21,51.0,12.0,23.0,28.0,32.0,82.0
2024-10-22,85.0,60.0,14.0,34.0,32.0,106.0
2024-10-23,68.0,59.0,11.0,38.0,17.0,90.0
2024-10-24,43.0,40.0,17.0,55.0,11.0,79.0
2024-10-25,50.0,39.0,20.0,59.0,17.0,82.0
2024-10-26,50.0,39.0,21.0,44.0,16.0,78.0
2024-10-27,54.0,19.0,23.0,34.0,31.0,78.0
2024-10-28,64.0,60.0,13.0,30.0,22.0,90.0
2024-10-29,65.0,60.0,14.0,31.0,29.0,86.0
2024-10-30,56.0,40.0,20.0,58.0,14.0,99.0
2024-10-31,55.0,41.0,20.0,52.0,15.0,89.0
2024-11-01,66.0,40.0,22.0,49.0,19.0,105.0
2024-11-02,60.0,41.0,22.0,44.0,18.0,97.0
2024-11-03,46.0,63.0,16.0,18.0,81.0,81.0
2024-11-04,40.0,63.0,15.0,26.0,77.0,77.0
2024-11-09,71.0,60.0,11.0,31.0,25.0,100.0
2024-11-10,60.0,60.0,20.0,21.0,49.0,77.0
2024-11-11,51.0,10.0,30.0,18.0,42.0,71.0
2024-11-12,30.0,63.0,13.0,19.0,82.0,82.0
2024-11-23,48.0,65.0,14.0,16.0,78.0,78.0
2024-11-24,48.0,65.0,11.0,13.0,68.0,68.0
2024-11-25,30.0,65.0,11.0,14.0,73.0,73.0
2024-11-26,40.0,65.0,10.0,17.0,71.0,71.0
2024-11-27,50.0,65.0,13.0,13.0,77.0,77.0
2024-11-28,30.0,59.0,13.0,11.0,25.0,59.0
2024-11-29,21.0,67.0,6.0,13.0,26.0,67.0
2024-11-30,35.0,67.0,7.0,10.0,34.0,67.0
2024-12-01,32.0,67.0,7.0,9.0,40.0,67.0
2024-12-02,19.0,67.0,6.0,9.0,33.0,67.0
2024-12-03,19.0,67.0,4.0,12.0,15.0,67.0
2024-12-04,30.0,67.0,7.0,10.0,22.0,67.0
2024-12-05,17.0,67.0,3.0,12.0,13.0,67.0
2024-12-06,26.0,68.0,4.0,11.0,17.0,68.0
2024-12-07,66.0,69.0,27.0,12.0,98.0,103.0
2024-12-08,38.0,68.0,15.0,18.0,57.0,68.0
2024-12-09,42.0,69.0,11.0,11.0,29.0,69.0
2024-12-10,38.0,68.0,12.0,7.0,61.0,68.0
2024-12-11,14.0,68.0,3.0,11.0,15.0,68.0
2024-12-12,19.0,68.0,3.0,13.0,10.0,68.0
2024-12-13,36.0,72.0,10.0,11.0,9.0,72.0
2024-12-14,22.0,68.0,4.0,11.0,15.0,68.0
2024-12-15,18.0,68.0,6.0,10.0,21.0,68.0
2024-12-16,27.0,68.0,5.0,10.0,21.0,68.0
2024-12-17,27.0,68.0,6.0,10.0,30.0,68.0
2024-12-18,50.0,69.0,8.0,8.0,59.0,69.0
2024-12-19,18.0,68.0,5.0,8.0,27.0,68.0
2024-12-20,25.0,69.0,5.0,10.0,32.0,69.0
2024-12-21,23.0,26.0,5.0,11.0,30.0,53.0
2024-12-22,53.0,16.0,11.0,13.0,31.0,80.0
2024-12-23,52.0,12.0,15.0,11.0,45.0,78.0
2024-12-24,49.0,23.0,20.0,14.0,17.0,63.0
2024-12-25,52.0,12.0,11.0,11.0,52.0,79.0
2024-12-26,39.0,12.0,11.0,9.0,35.0,62.0
2024-12-27,53.0,12.0,10.0,11.0,36.0,83.0
2024-12-28,64.0,14.0,9.0,11.0,35.0,101.0
2024-12-29,49.0,26.0,13.0,14.0,12.0,61.0
2024-12-30,34.0,21.0,11.0,14.0,11.0,50.0
2024-12-31,29.0,22.0,11.0,12.0,13.0,35.0
2025-01-04,34.0,13.0,5.0,10.0,23.0,62.0
2025-01-05,41.0,13.0,7.0,9.0,35.0,68.0
2025-01-06,51.0,16.0,13.0,13.0,46.0,79.0
2025-01-07,51.0,13.0,8.0,10.0,38.0,71.0
2025-01-08,31.0,13.0,5.0,12.0,19.0,54.0
2025-01-09,20.0,14.0,8.0,13.0,26.0,51.0
2025-01-10,53.0,19.0,15.0,16.0,43.0,77.0
2025-01-11,29.0,11.0,8.0,23.0,9.0,63.0
2025-01-12,37.0,9.0,8.0,13.0,11.0,64.0
2025-01-13,36.0,8.0,8.0,10.0,18.0,59.0
2025-01-14,32.0,51.0,15.0,6.0,13.0,54.0
2025-01-15,34.0,62.0,15.0,8.0,23.0,62.0
2025-01-16,40.0,62.0,15.0,6.0,25.0,62.0
2025-01-17,33.0,14.0,7.0,11.0,16.0,59.0
2025-01-19,29.0,34.0,12.0,10.0,20.0,50.0
2025-01-20,10.0,18.0,3.0,52.0,5.0,52.0
2025-01-21,40.0,13.0,14.0,11.0,56.0,58.0
2025-01-22,15.0,16.0,10.0,26.0,14.0,53.0
2025-01-23,57.0,23.0,20.0,13.0,81.0,90.0
2025-01-24,51.0,22.0,14.0,11.0,59.0,75.0
2025-01-25,16.0,22.0,10.0,24.0,9.0,64.0
2025-01-26,42.0,23.0,14.0,8.0,63.0,63.0
2025-01-27,26.0,20.0,6.0,9.0,18.0,54.0
2025-01-29,25.0,24.0,10.0,9.0,27.0,40.0
2025-01-30,50.0,12.0,9.0,22.0,10.0,52.0
2025-01-31,32.0,23.0,10.0,18.0,16.0,55.0
2025-02-01,33.0,25.0,9.0,19.0,14.0,57.0
2025-02-02,41.0,24.0,13.0,17.0,21.0,68.0
2025-02-03,41.0,27.0,13.0,17.0,21.0,64.0
2025-02-04,54.0,35.0,15.0,16.0,45.0,84.0
2025-02-05,40.0,27.0,13.0,10.0,26.0,47.0
2025-02-06,41.0,37.0,14.0,11.0,31.0,53.0
2025-02-07,31.0,37.0,12.0,18.0,40.0,58.0
2025-02-08,35.0,41.0,10.0,16.0,18.0,56.0
2025-02-09,45.0,44.0,12.0,15.0,25.0,60.0
2025-02-10,49.0,44.0,13.0,16.0,27.0,69.0
2025-02-11,46.0,44.0,12.0,19.0,21.0,66.0
2025-02-12,57.0,48.0,14.0,19.0,28.0,85.0
2025-02-13,65.0,31.0,4.0,20.0,13.0,79.0
2025-02-14,47.0,51.0,9.0,12.0,42.0,71.0
2025-02-15,35.0,49.0,7.0,10.0,25.0,60.0
2025-02-17,53.0,52.0,13.0,7.0,52.0,75.0
2025-02-18,49.0,31.0,29.0,7.0,50.0,69.0
2025-02-19,24.0,24.0,18.0,23.0,6.0,92.0
2025-02-20,32.0,50.0,9.0,11.0,28.0,56.0
2025-02-21,51.0,40.0,20.0,9.0,30.0,72.0
2025-02-22,40.0,54.0,8.0,9.0,20.0,70.0
2025-02-23,35.0,42.0,13.0,16.0,5.0,78.0
2025-02-24,45.0,52.0,18.0,19.0,40.0,70.0
2025-02-25,18.0,28.0,13.0,25.0,4.0,75.0
2025-02-26,46.0,57.0,11.0,11.0,51.0,65.0
2025-02-27,29.0,24.0,21.0,34.0,8.0,111.0
2025-02-28,20.0,24.0,9.0,31.0,6.0,71.0
